kernel,config,checks,guards,full_checks
sumArray,none,0,0,200000
sumArray,full,200000,0,200000
sumArray,proof,0,0,200000
sumArray,strict,0,0,200000
sumArray,balanced,0,0,200000
sumArray,performance,0,0,200000
sumArray,budget:0.25,0,0,200000
sumArray,budget:0.5,0,0,200000
sumArray,chuang,0,0,200000
sumArray,threshold:0,0,0,200000
sumArray,threshold:0.05,0,0,200000
sumArray,threshold:0.1,0,0,200000
sumArray,threshold:0.15,0,0,200000
sumArray,threshold:0.2,0,0,200000
sumArray,threshold:0.25,0,0,200000
sumArray,threshold:0.3,0,0,200000
sumArray,threshold:0.35,0,0,200000
sumArray,threshold:0.4,0,0,200000
sumArray,threshold:0.45,0,0,200000
sumArray,threshold:0.5,0,0,200000
sumArray,threshold:0.55,0,0,200000
sumArray,threshold:0.6,0,0,200000
sumArray,threshold:0.65,0,0,200000
sumArray,threshold:0.7,0,0,200000
sumArray,threshold:0.75,0,0,200000
sumArray,threshold:0.8,0,0,200000
sumArray,threshold:0.85,0,0,200000
sumArray,threshold:0.9,0,0,200000
sumArray,threshold:0.95,0,0,200000
sumArray,threshold:1,0,0,200000
sumArray,budget:0,0,0,200000
sumArray,budget:0.05,0,0,200000
sumArray,budget:0.1,0,0,200000
sumArray,budget:0.15,0,0,200000
sumArray,budget:0.2,0,0,200000
sumArray,budget:0.3,0,0,200000
sumArray,budget:0.35,0,0,200000
sumArray,budget:0.4,0,0,200000
sumArray,budget:0.45,0,0,200000
sumArray,budget:0.55,0,0,200000
sumArray,budget:0.6,0,0,200000
sumArray,budget:0.65,0,0,200000
sumArray,budget:0.7,0,0,200000
sumArray,budget:0.75,0,0,200000
sumArray,budget:0.8,0,0,200000
sumArray,budget:0.85,0,0,200000
sumArray,budget:0.9,0,0,200000
sumArray,budget:0.95,0,0,200000
sumArray,budget:1,0,0,200000
prefixSum,none,0,0,599997
prefixSum,full,599997,0,599997
prefixSum,proof,0,0,599997
prefixSum,strict,0,0,599997
prefixSum,balanced,0,0,599997
prefixSum,performance,0,0,599997
prefixSum,budget:0.25,0,0,599997
prefixSum,budget:0.5,0,0,599997
prefixSum,chuang,0,0,599997
prefixSum,threshold:0,0,0,599997
prefixSum,threshold:0.05,0,0,599997
prefixSum,threshold:0.1,0,0,599997
prefixSum,threshold:0.15,0,0,599997
prefixSum,threshold:0.2,0,0,599997
prefixSum,threshold:0.25,0,0,599997
prefixSum,threshold:0.3,0,0,599997
prefixSum,threshold:0.35,0,0,599997
prefixSum,threshold:0.4,0,0,599997
prefixSum,threshold:0.45,0,0,599997
prefixSum,threshold:0.5,0,0,599997
prefixSum,threshold:0.55,0,0,599997
prefixSum,threshold:0.6,0,0,599997
prefixSum,threshold:0.65,0,0,599997
prefixSum,threshold:0.7,0,0,599997
prefixSum,threshold:0.75,0,0,599997
prefixSum,threshold:0.8,0,0,599997
prefixSum,threshold:0.85,0,0,599997
prefixSum,threshold:0.9,0,0,599997
prefixSum,threshold:0.95,0,0,599997
prefixSum,threshold:1,0,0,599997
prefixSum,budget:0,0,0,599997
prefixSum,budget:0.05,0,0,599997
prefixSum,budget:0.1,0,0,599997
prefixSum,budget:0.15,0,0,599997
prefixSum,budget:0.2,0,0,599997
prefixSum,budget:0.3,0,0,599997
prefixSum,budget:0.35,0,0,599997
prefixSum,budget:0.4,0,0,599997
prefixSum,budget:0.45,0,0,599997
prefixSum,budget:0.55,0,0,599997
prefixSum,budget:0.6,0,0,599997
prefixSum,budget:0.65,0,0,599997
prefixSum,budget:0.7,0,0,599997
prefixSum,budget:0.75,0,0,599997
prefixSum,budget:0.8,0,0,599997
prefixSum,budget:0.85,0,0,599997
prefixSum,budget:0.9,0,0,599997
prefixSum,budget:0.95,0,0,599997
prefixSum,budget:1,0,0,599997
dot,none,0,0,400000
dot,full,400000,0,400000
dot,proof,200000,0,400000
dot,strict,0,1,400000
dot,balanced,0,0,400000
dot,performance,0,0,400000
dot,budget:0.25,0,0,400000
dot,budget:0.5,0,1,400000
dot,chuang,0,0,400000
dot,threshold:0,0,1,400000
dot,threshold:0.05,0,1,400000
dot,threshold:0.1,0,1,400000
dot,threshold:0.15,0,1,400000
dot,threshold:0.2,0,0,400000
dot,threshold:0.25,0,0,400000
dot,threshold:0.3,0,0,400000
dot,threshold:0.35,0,0,400000
dot,threshold:0.4,0,0,400000
dot,threshold:0.45,0,0,400000
dot,threshold:0.5,0,0,400000
dot,threshold:0.55,0,0,400000
dot,threshold:0.6,0,0,400000
dot,threshold:0.65,0,0,400000
dot,threshold:0.7,0,0,400000
dot,threshold:0.75,0,0,400000
dot,threshold:0.8,0,0,400000
dot,threshold:0.85,0,0,400000
dot,threshold:0.9,0,0,400000
dot,threshold:0.95,0,0,400000
dot,threshold:1,0,0,400000
dot,budget:0,0,0,400000
dot,budget:0.05,0,0,400000
dot,budget:0.1,0,0,400000
dot,budget:0.15,0,0,400000
dot,budget:0.2,0,0,400000
dot,budget:0.3,0,0,400000
dot,budget:0.35,0,0,400000
dot,budget:0.4,0,0,400000
dot,budget:0.45,0,0,400000
dot,budget:0.55,0,1,400000
dot,budget:0.6,0,1,400000
dot,budget:0.65,0,1,400000
dot,budget:0.7,0,1,400000
dot,budget:0.75,0,1,400000
dot,budget:0.8,0,1,400000
dot,budget:0.85,0,1,400000
dot,budget:0.9,0,1,400000
dot,budget:0.95,0,1,400000
dot,budget:1,0,1,400000
axpy,none,0,0,600001
axpy,full,600001,0,600001
axpy,proof,600001,0,600001
axpy,strict,1,1,600001
axpy,balanced,0,0,600001
axpy,performance,0,0,600001
axpy,budget:0.25,1,0,600001
axpy,budget:0.5,1,1,600001
axpy,chuang,200000,0,600001
axpy,threshold:0,1,1,600001
axpy,threshold:0.05,1,1,600001
axpy,threshold:0.1,1,1,600001
axpy,threshold:0.15,1,1,600001
axpy,threshold:0.2,0,1,600001
axpy,threshold:0.25,0,1,600001
axpy,threshold:0.3,0,1,600001
axpy,threshold:0.35,0,1,600001
axpy,threshold:0.4,0,1,600001
axpy,threshold:0.45,0,0,600001
axpy,threshold:0.5,0,0,600001
axpy,threshold:0.55,0,0,600001
axpy,threshold:0.6,0,0,600001
axpy,threshold:0.65,0,0,600001
axpy,threshold:0.7,0,0,600001
axpy,threshold:0.75,0,0,600001
axpy,threshold:0.8,0,0,600001
axpy,threshold:0.85,0,0,600001
axpy,threshold:0.9,0,0,600001
axpy,threshold:0.95,0,0,600001
axpy,threshold:1,0,0,600001
axpy,budget:0,0,0,600001
axpy,budget:0.05,1,0,600001
axpy,budget:0.1,1,0,600001
axpy,budget:0.15,1,0,600001
axpy,budget:0.2,1,0,600001
axpy,budget:0.3,1,0,600001
axpy,budget:0.35,1,0,600001
axpy,budget:0.4,1,1,600001
axpy,budget:0.45,1,1,600001
axpy,budget:0.55,1,1,600001
axpy,budget:0.6,1,1,600001
axpy,budget:0.65,1,1,600001
axpy,budget:0.7,1,1,600001
axpy,budget:0.75,1,1,600001
axpy,budget:0.8,1,1,600001
axpy,budget:0.85,1,1,600001
axpy,budget:0.9,1,1,600001
axpy,budget:0.95,1,1,600001
axpy,budget:1,1,1,600001
matvec,none,0,0,320401
matvec,full,320401,0,320401
matvec,proof,320401,0,320401
matvec,strict,160001,401,320401
matvec,balanced,160000,0,320401
matvec,performance,0,0,320401
matvec,budget:0.25,1,1,320401
matvec,budget:0.5,1,1,320401
matvec,chuang,400,0,320401
matvec,threshold:0,160001,401,320401
matvec,threshold:0.05,160001,401,320401
matvec,threshold:0.1,160001,401,320401
matvec,threshold:0.15,160001,401,320401
matvec,threshold:0.2,160000,1,320401
matvec,threshold:0.25,160000,1,320401
matvec,threshold:0.3,160000,1,320401
matvec,threshold:0.35,160000,1,320401
matvec,threshold:0.4,160000,1,320401
matvec,threshold:0.45,160000,0,320401
matvec,threshold:0.5,160000,0,320401
matvec,threshold:0.55,160000,0,320401
matvec,threshold:0.6,160000,0,320401
matvec,threshold:0.65,160000,0,320401
matvec,threshold:0.7,160000,0,320401
matvec,threshold:0.75,160000,0,320401
matvec,threshold:0.8,0,0,320401
matvec,threshold:0.85,0,0,320401
matvec,threshold:0.9,0,0,320401
matvec,threshold:0.95,0,0,320401
matvec,threshold:1,0,0,320401
matvec,budget:0,0,0,320401
matvec,budget:0.05,1,0,320401
matvec,budget:0.1,1,1,320401
matvec,budget:0.15,1,1,320401
matvec,budget:0.2,1,1,320401
matvec,budget:0.3,1,1,320401
matvec,budget:0.35,1,1,320401
matvec,budget:0.4,1,1,320401
matvec,budget:0.45,1,1,320401
matvec,budget:0.55,160001,1,320401
matvec,budget:0.6,160001,1,320401
matvec,budget:0.65,160001,1,320401
matvec,budget:0.7,160001,1,320401
matvec,budget:0.75,160001,1,320401
matvec,budget:0.8,160001,1,320401
matvec,budget:0.85,160001,1,320401
matvec,budget:0.9,160001,1,320401
matvec,budget:0.95,160001,1,320401
matvec,budget:1,160001,401,320401
stencil,none,0,0,799993
stencil,full,799993,0,799993
stencil,proof,799993,0,799993
stencil,strict,799993,0,799993
stencil,balanced,0,0,799993
stencil,performance,0,0,799993
stencil,budget:0.25,1,0,799993
stencil,budget:0.5,199999,0,799993
stencil,chuang,199998,0,799993
stencil,threshold:0,799993,0,799993
stencil,threshold:0.05,799993,0,799993
stencil,threshold:0.1,799993,0,799993
stencil,threshold:0.15,799993,0,799993
stencil,threshold:0.2,199998,0,799993
stencil,threshold:0.25,199998,0,799993
stencil,threshold:0.3,199998,0,799993
stencil,threshold:0.35,199998,0,799993
stencil,threshold:0.4,199998,0,799993
stencil,threshold:0.45,0,0,799993
stencil,threshold:0.5,0,0,799993
stencil,threshold:0.55,0,0,799993
stencil,threshold:0.6,0,0,799993
stencil,threshold:0.65,0,0,799993
stencil,threshold:0.7,0,0,799993
stencil,threshold:0.75,0,0,799993
stencil,threshold:0.8,0,0,799993
stencil,threshold:0.85,0,0,799993
stencil,threshold:0.9,0,0,799993
stencil,threshold:0.95,0,0,799993
stencil,threshold:1,0,0,799993
stencil,budget:0,0,0,799993
stencil,budget:0.05,1,0,799993
stencil,budget:0.1,1,0,799993
stencil,budget:0.15,1,0,799993
stencil,budget:0.2,1,0,799993
stencil,budget:0.3,199999,0,799993
stencil,budget:0.35,199999,0,799993
stencil,budget:0.4,199999,0,799993
stencil,budget:0.45,199999,0,799993
stencil,budget:0.55,399997,0,799993
stencil,budget:0.6,399997,0,799993
stencil,budget:0.65,399997,0,799993
stencil,budget:0.7,399997,0,799993
stencil,budget:0.75,399997,0,799993
stencil,budget:0.8,599995,0,799993
stencil,budget:0.85,599995,0,799993
stencil,budget:0.9,599995,0,799993
stencil,budget:0.95,599995,0,799993
stencil,budget:1,799993,0,799993
stencilV,none,0,0,799993
stencilV,full,799993,0,799993
stencilV,proof,799993,0,799993
stencilV,strict,1,1,799993
stencilV,balanced,0,0,799993
stencilV,performance,0,0,799993
stencilV,budget:0.25,1,0,799993
stencilV,budget:0.5,1,1,799993
stencilV,chuang,199998,0,799993
stencilV,threshold:0,1,1,799993
stencilV,threshold:0.05,1,1,799993
stencilV,threshold:0.1,1,1,799993
stencilV,threshold:0.15,1,1,799993
stencilV,threshold:0.2,0,1,799993
stencilV,threshold:0.25,0,1,799993
stencilV,threshold:0.3,0,1,799993
stencilV,threshold:0.35,0,1,799993
stencilV,threshold:0.4,0,1,799993
stencilV,threshold:0.45,0,0,799993
stencilV,threshold:0.5,0,0,799993
stencilV,threshold:0.55,0,0,799993
stencilV,threshold:0.6,0,0,799993
stencilV,threshold:0.65,0,0,799993
stencilV,threshold:0.7,0,0,799993
stencilV,threshold:0.75,0,0,799993
stencilV,threshold:0.8,0,0,799993
stencilV,threshold:0.85,0,0,799993
stencilV,threshold:0.9,0,0,799993
stencilV,threshold:0.95,0,0,799993
stencilV,threshold:1,0,0,799993
stencilV,budget:0,0,0,799993
stencilV,budget:0.05,1,0,799993
stencilV,budget:0.1,1,0,799993
stencilV,budget:0.15,1,0,799993
stencilV,budget:0.2,1,0,799993
stencilV,budget:0.3,1,1,799993
stencilV,budget:0.35,1,1,799993
stencilV,budget:0.4,1,1,799993
stencilV,budget:0.45,1,1,799993
stencilV,budget:0.55,1,1,799993
stencilV,budget:0.6,1,1,799993
stencilV,budget:0.65,1,1,799993
stencilV,budget:0.7,1,1,799993
stencilV,budget:0.75,1,1,799993
stencilV,budget:0.8,1,1,799993
stencilV,budget:0.85,1,1,799993
stencilV,budget:0.9,1,1,799993
stencilV,budget:0.95,1,1,799993
stencilV,budget:1,1,1,799993
smooth,none,0,0,499921
smooth,full,499921,0,499921
smooth,proof,499921,0,499921
smooth,strict,499921,0,499921
smooth,balanced,499921,0,499921
smooth,performance,49992,0,499921
smooth,budget:0.25,49993,0,499921
smooth,budget:0.5,49993,0,499921
smooth,chuang,49992,0,499921
smooth,threshold:0,499921,0,499921
smooth,threshold:0.05,499921,0,499921
smooth,threshold:0.1,499921,0,499921
smooth,threshold:0.15,499921,0,499921
smooth,threshold:0.2,499921,0,499921
smooth,threshold:0.25,499921,0,499921
smooth,threshold:0.3,499921,0,499921
smooth,threshold:0.35,499921,0,499921
smooth,threshold:0.4,499921,0,499921
smooth,threshold:0.45,499921,0,499921
smooth,threshold:0.5,499921,0,499921
smooth,threshold:0.55,499921,0,499921
smooth,threshold:0.6,499921,0,499921
smooth,threshold:0.65,499921,0,499921
smooth,threshold:0.7,499921,0,499921
smooth,threshold:0.75,499921,0,499921
smooth,threshold:0.8,49992,0,499921
smooth,threshold:0.85,49992,0,499921
smooth,threshold:0.9,49992,0,499921
smooth,threshold:0.95,49992,0,499921
smooth,threshold:1,49992,0,499921
smooth,budget:0,0,0,499921
smooth,budget:0.05,1,0,499921
smooth,budget:0.1,49993,0,499921
smooth,budget:0.15,49993,0,499921
smooth,budget:0.2,49993,0,499921
smooth,budget:0.3,49993,0,499921
smooth,budget:0.35,49993,0,499921
smooth,budget:0.4,49993,0,499921
smooth,budget:0.45,49993,0,499921
smooth,budget:0.55,49993,0,499921
smooth,budget:0.6,49993,0,499921
smooth,budget:0.65,49993,0,499921
smooth,budget:0.7,49993,0,499921
smooth,budget:0.75,49993,0,499921
smooth,budget:0.8,49993,0,499921
smooth,budget:0.85,49993,0,499921
smooth,budget:0.9,49993,0,499921
smooth,budget:0.95,49993,0,499921
smooth,budget:1,499921,0,499921
smoothV,none,0,0,499921
smoothV,full,499921,0,499921
smoothV,proof,499921,0,499921
smoothV,strict,1,49993,499921
smoothV,balanced,1,49993,499921
smoothV,performance,0,1,499921
smoothV,budget:0.25,1,1,499921
smoothV,budget:0.5,1,1,499921
smoothV,chuang,49992,0,499921
smoothV,threshold:0,1,49993,499921
smoothV,threshold:0.05,1,49993,499921
smoothV,threshold:0.1,1,49993,499921
smoothV,threshold:0.15,1,49993,499921
smoothV,threshold:0.2,1,49993,499921
smoothV,threshold:0.25,1,49993,499921
smoothV,threshold:0.3,1,49993,499921
smoothV,threshold:0.35,1,49993,499921
smoothV,threshold:0.4,1,49993,499921
smoothV,threshold:0.45,1,49993,499921
smoothV,threshold:0.5,1,49993,499921
smoothV,threshold:0.55,1,49993,499921
smoothV,threshold:0.6,1,49993,499921
smoothV,threshold:0.65,1,49993,499921
smoothV,threshold:0.7,1,49993,499921
smoothV,threshold:0.75,1,49993,499921
smoothV,threshold:0.8,0,1,499921
smoothV,threshold:0.85,0,1,499921
smoothV,threshold:0.9,0,1,499921
smoothV,threshold:0.95,0,1,499921
smoothV,threshold:1,0,1,499921
smoothV,budget:0,0,0,499921
smoothV,budget:0.05,1,0,499921
smoothV,budget:0.1,1,1,499921
smoothV,budget:0.15,1,1,499921
smoothV,budget:0.2,1,1,499921
smoothV,budget:0.3,1,1,499921
smoothV,budget:0.35,1,1,499921
smoothV,budget:0.4,1,1,499921
smoothV,budget:0.45,1,1,499921
smoothV,budget:0.55,1,1,499921
smoothV,budget:0.6,1,1,499921
smoothV,budget:0.65,1,1,499921
smoothV,budget:0.7,1,1,499921
smoothV,budget:0.75,1,1,499921
smoothV,budget:0.8,1,1,499921
smoothV,budget:0.85,1,1,499921
smoothV,budget:0.9,1,1,499921
smoothV,budget:0.95,1,1,499921
smoothV,budget:1,1,49993,499921
histogram,none,0,0,600001
histogram,full,600001,0,600001
histogram,proof,400001,0,600001
histogram,strict,400001,0,600001
histogram,balanced,400000,0,600001
histogram,performance,200000,0,600001
histogram,budget:0.25,1,0,600001
histogram,budget:0.5,200001,0,600001
histogram,chuang,200000,0,600001
histogram,threshold:0,400001,0,600001
histogram,threshold:0.05,400001,0,600001
histogram,threshold:0.1,400001,0,600001
histogram,threshold:0.15,400001,0,600001
histogram,threshold:0.2,400000,0,600001
histogram,threshold:0.25,400000,0,600001
histogram,threshold:0.3,400000,0,600001
histogram,threshold:0.35,400000,0,600001
histogram,threshold:0.4,400000,0,600001
histogram,threshold:0.45,400000,0,600001
histogram,threshold:0.5,400000,0,600001
histogram,threshold:0.55,400000,0,600001
histogram,threshold:0.6,400000,0,600001
histogram,threshold:0.65,400000,0,600001
histogram,threshold:0.7,400000,0,600001
histogram,threshold:0.75,400000,0,600001
histogram,threshold:0.8,200000,0,600001
histogram,threshold:0.85,200000,0,600001
histogram,threshold:0.9,200000,0,600001
histogram,threshold:0.95,200000,0,600001
histogram,threshold:1,200000,0,600001
histogram,budget:0,0,0,600001
histogram,budget:0.05,1,0,600001
histogram,budget:0.1,1,0,600001
histogram,budget:0.15,1,0,600001
histogram,budget:0.2,1,0,600001
histogram,budget:0.3,1,0,600001
histogram,budget:0.35,1,0,600001
histogram,budget:0.4,200001,0,600001
histogram,budget:0.45,200001,0,600001
histogram,budget:0.55,200001,0,600001
histogram,budget:0.6,200001,0,600001
histogram,budget:0.65,200001,0,600001
histogram,budget:0.7,400001,0,600001
histogram,budget:0.75,400001,0,600001
histogram,budget:0.8,400001,0,600001
histogram,budget:0.85,400001,0,600001
histogram,budget:0.9,400001,0,600001
histogram,budget:0.95,400001,0,600001
histogram,budget:1,400001,0,600001
bubbleSort,none,0,0,533419
bubbleSort,full,533419,0,533419
bubbleSort,proof,533419,0,533419
bubbleSort,strict,533419,0,533419
bubbleSort,balanced,0,0,533419
bubbleSort,performance,0,0,533419
bubbleSort,budget:0.25,1,0,533419
bubbleSort,budget:0.5,87010,0,533419
bubbleSort,chuang,174018,0,533419
bubbleSort,threshold:0,533419,0,533419
bubbleSort,threshold:0.05,533419,0,533419
bubbleSort,threshold:0.1,533419,0,533419
bubbleSort,threshold:0.15,533419,0,533419
bubbleSort,threshold:0.2,174018,0,533419
bubbleSort,threshold:0.25,174018,0,533419
bubbleSort,threshold:0.3,174018,0,533419
bubbleSort,threshold:0.35,174018,0,533419
bubbleSort,threshold:0.4,174018,0,533419
bubbleSort,threshold:0.45,0,0,533419
bubbleSort,threshold:0.5,0,0,533419
bubbleSort,threshold:0.55,0,0,533419
bubbleSort,threshold:0.6,0,0,533419
bubbleSort,threshold:0.65,0,0,533419
bubbleSort,threshold:0.7,0,0,533419
bubbleSort,threshold:0.75,0,0,533419
bubbleSort,threshold:0.8,0,0,533419
bubbleSort,threshold:0.85,0,0,533419
bubbleSort,threshold:0.9,0,0,533419
bubbleSort,threshold:0.95,0,0,533419
bubbleSort,threshold:1,0,0,533419
bubbleSort,budget:0,0,0,533419
bubbleSort,budget:0.05,1,0,533419
bubbleSort,budget:0.1,1,0,533419
bubbleSort,budget:0.15,1,0,533419
bubbleSort,budget:0.2,1,0,533419
bubbleSort,budget:0.3,87010,0,533419
bubbleSort,budget:0.35,87010,0,533419
bubbleSort,budget:0.4,87010,0,533419
bubbleSort,budget:0.45,87010,0,533419
bubbleSort,budget:0.55,174019,0,533419
bubbleSort,budget:0.6,174019,0,533419
bubbleSort,budget:0.65,174019,0,533419
bubbleSort,budget:0.7,174019,0,533419
bubbleSort,budget:0.75,174019,0,533419
bubbleSort,budget:0.8,353719,0,533419
bubbleSort,budget:0.85,353719,0,533419
bubbleSort,budget:0.9,353719,0,533419
bubbleSort,budget:0.95,353719,0,533419
bubbleSort,budget:1,533419,0,533419
insertionSort,none,0,0,311032
insertionSort,full,311032,0,311032
insertionSort,proof,310233,0,311032
insertionSort,strict,310233,0,311032
insertionSort,balanced,0,0,311032
insertionSort,performance,0,0,311032
insertionSort,budget:0.25,800,0,311032
insertionSort,budget:0.5,800,0,311032
insertionSort,chuang,155119,0,311032
insertionSort,threshold:0,310233,0,311032
insertionSort,threshold:0.05,310233,0,311032
insertionSort,threshold:0.1,310233,0,311032
insertionSort,threshold:0.15,310233,0,311032
insertionSort,threshold:0.2,155119,0,311032
insertionSort,threshold:0.25,155119,0,311032
insertionSort,threshold:0.3,155119,0,311032
insertionSort,threshold:0.35,155119,0,311032
insertionSort,threshold:0.4,155119,0,311032
insertionSort,threshold:0.45,0,0,311032
insertionSort,threshold:0.5,0,0,311032
insertionSort,threshold:0.55,0,0,311032
insertionSort,threshold:0.6,0,0,311032
insertionSort,threshold:0.65,0,0,311032
insertionSort,threshold:0.7,0,0,311032
insertionSort,threshold:0.75,0,0,311032
insertionSort,threshold:0.8,0,0,311032
insertionSort,threshold:0.85,0,0,311032
insertionSort,threshold:0.9,0,0,311032
insertionSort,threshold:0.95,0,0,311032
insertionSort,threshold:1,0,0,311032
insertionSort,budget:0,0,0,311032
insertionSort,budget:0.05,800,0,311032
insertionSort,budget:0.1,800,0,311032
insertionSort,budget:0.15,800,0,311032
insertionSort,budget:0.2,800,0,311032
insertionSort,budget:0.3,800,0,311032
insertionSort,budget:0.35,800,0,311032
insertionSort,budget:0.4,800,0,311032
insertionSort,budget:0.45,800,0,311032
insertionSort,budget:0.55,155120,0,311032
insertionSort,budget:0.6,155120,0,311032
insertionSort,budget:0.65,155120,0,311032
insertionSort,budget:0.7,155120,0,311032
insertionSort,budget:0.75,155120,0,311032
insertionSort,budget:0.8,155120,0,311032
insertionSort,budget:0.85,155120,0,311032
insertionSort,budget:0.9,155120,0,311032
insertionSort,budget:0.95,155120,0,311032
insertionSort,budget:1,310233,0,311032
binarySearch,none,0,0,250049
binarySearch,full,250049,0,250049
binarySearch,proof,230049,0,250049
binarySearch,strict,230049,0,250049
binarySearch,balanced,230049,0,250049
binarySearch,performance,0,0,250049
binarySearch,budget:0.25,0,0,250049
binarySearch,budget:0.5,0,0,250049
binarySearch,chuang,0,0,250049
binarySearch,threshold:0,230049,0,250049
binarySearch,threshold:0.05,230049,0,250049
binarySearch,threshold:0.1,230049,0,250049
binarySearch,threshold:0.15,230049,0,250049
binarySearch,threshold:0.2,230049,0,250049
binarySearch,threshold:0.25,230049,0,250049
binarySearch,threshold:0.3,230049,0,250049
binarySearch,threshold:0.35,230049,0,250049
binarySearch,threshold:0.4,230049,0,250049
binarySearch,threshold:0.45,230049,0,250049
binarySearch,threshold:0.5,230049,0,250049
binarySearch,threshold:0.55,230049,0,250049
binarySearch,threshold:0.6,230049,0,250049
binarySearch,threshold:0.65,230049,0,250049
binarySearch,threshold:0.7,230049,0,250049
binarySearch,threshold:0.75,230049,0,250049
binarySearch,threshold:0.8,0,0,250049
binarySearch,threshold:0.85,0,0,250049
binarySearch,threshold:0.9,0,0,250049
binarySearch,threshold:0.95,0,0,250049
binarySearch,threshold:1,0,0,250049
binarySearch,budget:0,0,0,250049
binarySearch,budget:0.05,0,0,250049
binarySearch,budget:0.1,0,0,250049
binarySearch,budget:0.15,0,0,250049
binarySearch,budget:0.2,0,0,250049
binarySearch,budget:0.3,0,0,250049
binarySearch,budget:0.35,0,0,250049
binarySearch,budget:0.4,0,0,250049
binarySearch,budget:0.45,0,0,250049
binarySearch,budget:0.55,0,0,250049
binarySearch,budget:0.6,0,0,250049
binarySearch,budget:0.65,0,0,250049
binarySearch,budget:0.7,0,0,250049
binarySearch,budget:0.75,0,0,250049
binarySearch,budget:0.8,0,0,250049
binarySearch,budget:0.85,0,0,250049
binarySearch,budget:0.9,0,0,250049
binarySearch,budget:0.95,230049,0,250049
binarySearch,budget:1,230049,0,250049
gather,none,0,0,600001
gather,full,600001,0,600001
gather,proof,400001,0,600001
gather,strict,200001,1,600001
gather,balanced,200000,0,600001
gather,performance,0,0,600001
gather,budget:0.25,1,0,600001
gather,budget:0.5,200001,0,600001
gather,chuang,200000,0,600001
gather,threshold:0,200001,1,600001
gather,threshold:0.05,200001,1,600001
gather,threshold:0.1,200001,1,600001
gather,threshold:0.15,200001,1,600001
gather,threshold:0.2,200000,1,600001
gather,threshold:0.25,200000,1,600001
gather,threshold:0.3,200000,1,600001
gather,threshold:0.35,200000,1,600001
gather,threshold:0.4,200000,1,600001
gather,threshold:0.45,200000,0,600001
gather,threshold:0.5,200000,0,600001
gather,threshold:0.55,200000,0,600001
gather,threshold:0.6,200000,0,600001
gather,threshold:0.65,200000,0,600001
gather,threshold:0.7,200000,0,600001
gather,threshold:0.75,200000,0,600001
gather,threshold:0.8,0,0,600001
gather,threshold:0.85,0,0,600001
gather,threshold:0.9,0,0,600001
gather,threshold:0.95,0,0,600001
gather,threshold:1,0,0,600001
gather,budget:0,0,0,600001
gather,budget:0.05,1,0,600001
gather,budget:0.1,1,0,600001
gather,budget:0.15,1,0,600001
gather,budget:0.2,1,0,600001
gather,budget:0.3,1,0,600001
gather,budget:0.35,1,0,600001
gather,budget:0.4,200001,0,600001
gather,budget:0.45,200001,0,600001
gather,budget:0.55,200001,0,600001
gather,budget:0.6,200001,0,600001
gather,budget:0.65,200001,0,600001
gather,budget:0.7,200001,1,600001
gather,budget:0.75,200001,1,600001
gather,budget:0.8,200001,1,600001
gather,budget:0.85,200001,1,600001
gather,budget:0.9,200001,1,600001
gather,budget:0.95,200001,1,600001
gather,budget:1,200001,1,600001
scatter,none,0,0,600001
scatter,full,600001,0,600001
scatter,proof,400001,0,600001
scatter,strict,200001,1,600001
scatter,balanced,200000,0,600001
scatter,performance,200000,0,600001
scatter,budget:0.25,1,0,600001
scatter,budget:0.5,200001,0,600001
scatter,chuang,200000,0,600001
scatter,threshold:0,200001,1,600001
scatter,threshold:0.05,200001,1,600001
scatter,threshold:0.1,200001,1,600001
scatter,threshold:0.15,200001,1,600001
scatter,threshold:0.2,200000,0,600001
scatter,threshold:0.25,200000,0,600001
scatter,threshold:0.3,200000,0,600001
scatter,threshold:0.35,200000,0,600001
scatter,threshold:0.4,200000,0,600001
scatter,threshold:0.45,200000,0,600001
scatter,threshold:0.5,200000,0,600001
scatter,threshold:0.55,200000,0,600001
scatter,threshold:0.6,200000,0,600001
scatter,threshold:0.65,200000,0,600001
scatter,threshold:0.7,200000,0,600001
scatter,threshold:0.75,200000,0,600001
scatter,threshold:0.8,200000,0,600001
scatter,threshold:0.85,200000,0,600001
scatter,threshold:0.9,200000,0,600001
scatter,threshold:0.95,200000,0,600001
scatter,threshold:1,200000,0,600001
scatter,budget:0,0,0,600001
scatter,budget:0.05,1,0,600001
scatter,budget:0.1,1,0,600001
scatter,budget:0.15,1,0,600001
scatter,budget:0.2,1,0,600001
scatter,budget:0.3,1,0,600001
scatter,budget:0.35,1,0,600001
scatter,budget:0.4,200001,0,600001
scatter,budget:0.45,200001,0,600001
scatter,budget:0.55,200001,0,600001
scatter,budget:0.6,200001,0,600001
scatter,budget:0.65,200001,0,600001
scatter,budget:0.7,200001,1,600001
scatter,budget:0.75,200001,1,600001
scatter,budget:0.8,200001,1,600001
scatter,budget:0.85,200001,1,600001
scatter,budget:0.9,200001,1,600001
scatter,budget:0.95,200001,1,600001
scatter,budget:1,200001,1,600001
reverse,none,0,0,400001
reverse,full,400001,0,400001
reverse,proof,400001,0,400001
reverse,strict,200001,1,400001
reverse,balanced,200000,0,400001
reverse,performance,100000,0,400001
reverse,budget:0.25,1,0,400001
reverse,budget:0.5,100001,0,400001
reverse,chuang,200000,0,400001
reverse,threshold:0,200001,1,400001
reverse,threshold:0.05,200001,1,400001
reverse,threshold:0.1,200001,1,400001
reverse,threshold:0.15,200001,1,400001
reverse,threshold:0.2,200000,1,400001
reverse,threshold:0.25,200000,1,400001
reverse,threshold:0.3,200000,1,400001
reverse,threshold:0.35,200000,1,400001
reverse,threshold:0.4,200000,1,400001
reverse,threshold:0.45,200000,0,400001
reverse,threshold:0.5,200000,0,400001
reverse,threshold:0.55,200000,0,400001
reverse,threshold:0.6,200000,0,400001
reverse,threshold:0.65,200000,0,400001
reverse,threshold:0.7,200000,0,400001
reverse,threshold:0.75,200000,0,400001
reverse,threshold:0.8,100000,0,400001
reverse,threshold:0.85,100000,0,400001
reverse,threshold:0.9,100000,0,400001
reverse,threshold:0.95,100000,0,400001
reverse,threshold:1,100000,0,400001
reverse,budget:0,0,0,400001
reverse,budget:0.05,1,0,400001
reverse,budget:0.1,1,0,400001
reverse,budget:0.15,1,0,400001
reverse,budget:0.2,1,0,400001
reverse,budget:0.3,100001,0,400001
reverse,budget:0.35,100001,0,400001
reverse,budget:0.4,100001,0,400001
reverse,budget:0.45,100001,0,400001
reverse,budget:0.55,200001,0,400001
reverse,budget:0.6,200001,0,400001
reverse,budget:0.65,200001,0,400001
reverse,budget:0.7,200001,0,400001
reverse,budget:0.75,200001,0,400001
reverse,budget:0.8,200001,1,400001
reverse,budget:0.85,200001,1,400001
reverse,budget:0.9,200001,1,400001
reverse,budget:0.95,200001,1,400001
reverse,budget:1,200001,1,400001
