variant,kernel,operator,config,full_check_id,line,column,access,P,C,W,R,decision,inputs,first_input,omitted_writes
prefixSum-000,prefixSum,lt-to-le,none,1,5,34,read,0,1,0,0.35,omit,189,0,5:9
prefixSum-000,prefixSum,lt-to-le,performance,1,5,34,read,0,1,0,0.35,omit,189,0,5:9
prefixSum-000,prefixSum,lt-to-le,budget:0.25,1,5,34,read,0,1,0,0.35,omit,189,0,5:9
prefixSum-000,prefixSum,lt-to-le,threshold:0.65,1,5,34,read,0,1,0,0.35,omit,189,0,5:9
prefixSum-000,prefixSum,lt-to-le,threshold:0.7,1,5,34,read,0,1,0,0.35,omit,189,0,5:9
prefixSum-000,prefixSum,lt-to-le,threshold:0.75,1,5,34,read,0,1,0,0.35,omit,189,0,5:9
prefixSum-000,prefixSum,lt-to-le,threshold:0.8,1,5,34,read,0,1,0,0.35,omit,189,0,5:9
prefixSum-000,prefixSum,lt-to-le,threshold:0.85,1,5,34,read,0,1,0,0.35,omit,189,0,5:9
prefixSum-000,prefixSum,lt-to-le,threshold:0.9,1,5,34,read,0,1,0,0.35,omit,189,0,5:9
prefixSum-000,prefixSum,lt-to-le,threshold:0.95,1,5,34,read,0,1,0,0.35,omit,189,0,5:9
prefixSum-000,prefixSum,lt-to-le,threshold:1,1,5,34,read,0,1,0,0.35,omit,189,0,5:9
prefixSum-000,prefixSum,lt-to-le,budget:0,1,5,34,read,0,1,0,0.35,omit,189,0,5:9
prefixSum-000,prefixSum,lt-to-le,budget:0.05,1,5,34,read,0,1,0,0.35,omit,189,0,5:9
prefixSum-000,prefixSum,lt-to-le,budget:0.1,1,5,34,read,0,1,0,0.35,omit,189,0,5:9
prefixSum-000,prefixSum,lt-to-le,budget:0.15,1,5,34,read,0,1,0,0.35,omit,189,0,5:9
prefixSum-000,prefixSum,lt-to-le,budget:0.2,1,5,34,read,0,1,0,0.35,omit,189,0,5:9
prefixSum-000,prefixSum,lt-to-le,budget:0.3,1,5,34,read,0,1,0,0.35,omit,189,0,5:9
prefixSum-001,prefixSum,bound-plus-one,none,1,5,34,read,0,0.5,0,0.175,omit,189,0,5:9
prefixSum-001,prefixSum,bound-plus-one,balanced,1,5,34,read,0,0.5,0,0.175,omit,189,0,5:9
prefixSum-001,prefixSum,bound-plus-one,performance,1,5,34,read,0,0.5,0,0.175,omit,189,0,5:9
prefixSum-001,prefixSum,bound-plus-one,budget:0.25,1,5,34,read,0,0.5,0,0.175,omit,189,0,5:9
prefixSum-001,prefixSum,bound-plus-one,threshold:0.45,1,5,34,read,0,0.5,0,0.175,omit,189,0,5:9
prefixSum-001,prefixSum,bound-plus-one,threshold:0.5,1,5,34,read,0,0.5,0,0.175,omit,189,0,5:9
prefixSum-001,prefixSum,bound-plus-one,threshold:0.55,1,5,34,read,0,0.5,0,0.175,omit,189,0,5:9
prefixSum-001,prefixSum,bound-plus-one,threshold:0.6,1,5,34,read,0,0.5,0,0.175,omit,189,0,5:9
prefixSum-001,prefixSum,bound-plus-one,threshold:0.65,1,5,34,read,0,0.5,0,0.175,omit,189,0,5:9
prefixSum-001,prefixSum,bound-plus-one,threshold:0.7,1,5,34,read,0,0.5,0,0.175,omit,189,0,5:9
prefixSum-001,prefixSum,bound-plus-one,threshold:0.75,1,5,34,read,0,0.5,0,0.175,omit,189,0,5:9
prefixSum-001,prefixSum,bound-plus-one,threshold:0.8,1,5,34,read,0,0.5,0,0.175,omit,189,0,5:9
prefixSum-001,prefixSum,bound-plus-one,threshold:0.85,1,5,34,read,0,0.5,0,0.175,omit,189,0,5:9
prefixSum-001,prefixSum,bound-plus-one,threshold:0.9,1,5,34,read,0,0.5,0,0.175,omit,189,0,5:9
prefixSum-001,prefixSum,bound-plus-one,threshold:0.95,1,5,34,read,0,0.5,0,0.175,omit,189,0,5:9
prefixSum-001,prefixSum,bound-plus-one,threshold:1,1,5,34,read,0,0.5,0,0.175,omit,189,0,5:9
prefixSum-001,prefixSum,bound-plus-one,budget:0,1,5,34,read,0,0.5,0,0.175,omit,189,0,5:9
prefixSum-001,prefixSum,bound-plus-one,budget:0.05,1,5,34,read,0,0.5,0,0.175,omit,189,0,5:9
prefixSum-001,prefixSum,bound-plus-one,budget:0.1,1,5,34,read,0,0.5,0,0.175,omit,189,0,5:9
prefixSum-001,prefixSum,bound-plus-one,budget:0.15,1,5,34,read,0,0.5,0,0.175,omit,189,0,5:9
prefixSum-001,prefixSum,bound-plus-one,budget:0.2,1,5,34,read,0,0.5,0,0.175,omit,189,0,5:9
prefixSum-001,prefixSum,bound-plus-one,budget:0.3,1,5,34,read,0,0.5,0,0.175,omit,189,0,5:9
prefixSum-008,prefixSum,index-plus-one,none,2,5,9,write,0,0.5,1,0.425,omit,179,0,5:9
prefixSum-008,prefixSum,index-plus-one,balanced,2,5,9,write,0,0.5,1,0.425,omit,179,0,5:9
prefixSum-008,prefixSum,index-plus-one,performance,2,5,9,write,0,0.5,1,0.425,omit,179,0,5:9
prefixSum-008,prefixSum,index-plus-one,budget:0.25,2,5,9,write,0,0.5,1,0.425,omit,179,0,5:9
prefixSum-008,prefixSum,index-plus-one,threshold:0.45,2,5,9,write,0,0.5,1,0.425,omit,179,0,5:9
prefixSum-008,prefixSum,index-plus-one,threshold:0.5,2,5,9,write,0,0.5,1,0.425,omit,179,0,5:9
prefixSum-008,prefixSum,index-plus-one,threshold:0.55,2,5,9,write,0,0.5,1,0.425,omit,179,0,5:9
prefixSum-008,prefixSum,index-plus-one,threshold:0.6,2,5,9,write,0,0.5,1,0.425,omit,179,0,5:9
prefixSum-008,prefixSum,index-plus-one,threshold:0.65,2,5,9,write,0,0.5,1,0.425,omit,179,0,5:9
prefixSum-008,prefixSum,index-plus-one,threshold:0.7,2,5,9,write,0,0.5,1,0.425,omit,179,0,5:9
prefixSum-008,prefixSum,index-plus-one,threshold:0.75,2,5,9,write,0,0.5,1,0.425,omit,179,0,5:9
prefixSum-008,prefixSum,index-plus-one,threshold:0.8,2,5,9,write,0,0.5,1,0.425,omit,179,0,5:9
prefixSum-008,prefixSum,index-plus-one,threshold:0.85,2,5,9,write,0,0.5,1,0.425,omit,179,0,5:9
prefixSum-008,prefixSum,index-plus-one,threshold:0.9,2,5,9,write,0,0.5,1,0.425,omit,179,0,5:9
prefixSum-008,prefixSum,index-plus-one,threshold:0.95,2,5,9,write,0,0.5,1,0.425,omit,179,0,5:9
prefixSum-008,prefixSum,index-plus-one,threshold:1,2,5,9,write,0,0.5,1,0.425,omit,179,0,5:9
prefixSum-008,prefixSum,index-plus-one,budget:0,2,5,9,write,0,0.5,1,0.425,omit,179,0,5:9
prefixSum-008,prefixSum,index-plus-one,budget:0.05,2,5,9,write,0,0.5,1,0.425,omit,179,0,5:9
prefixSum-008,prefixSum,index-plus-one,budget:0.1,2,5,9,write,0,0.5,1,0.425,omit,179,0,5:9
prefixSum-008,prefixSum,index-plus-one,budget:0.15,2,5,9,write,0,0.5,1,0.425,omit,179,0,5:9
prefixSum-008,prefixSum,index-plus-one,budget:0.2,2,5,9,write,0,0.5,1,0.425,omit,179,0,5:9
prefixSum-008,prefixSum,index-plus-one,budget:0.3,2,5,9,write,0,0.5,1,0.425,omit,179,0,5:9
prefixSum-010,prefixSum,swap-index-var,none,2,5,9,write,1,0.5,1,0.825,omit,179,0,5:9
prefixSum-010,prefixSum,swap-index-var,budget:0.25,2,5,9,write,1,0.5,1,0.825,omit,179,0,5:9
prefixSum-010,prefixSum,swap-index-var,threshold:0.85,2,5,9,write,1,0.5,1,0.825,omit,179,0,5:9
prefixSum-010,prefixSum,swap-index-var,threshold:0.9,2,5,9,write,1,0.5,1,0.825,omit,179,0,5:9
prefixSum-010,prefixSum,swap-index-var,threshold:0.95,2,5,9,write,1,0.5,1,0.825,omit,179,0,5:9
prefixSum-010,prefixSum,swap-index-var,threshold:1,2,5,9,write,1,0.5,1,0.825,omit,179,0,5:9
prefixSum-010,prefixSum,swap-index-var,budget:0,2,5,9,write,1,0.5,1,0.825,omit,179,0,5:9
prefixSum-010,prefixSum,swap-index-var,budget:0.05,2,5,9,write,1,0.5,1,0.825,omit,179,0,5:9
prefixSum-010,prefixSum,swap-index-var,budget:0.1,2,5,9,write,1,0.5,1,0.825,omit,179,0,5:9
prefixSum-010,prefixSum,swap-index-var,budget:0.15,2,5,9,write,1,0.5,1,0.825,omit,179,0,5:9
prefixSum-010,prefixSum,swap-index-var,budget:0.2,2,5,9,write,1,0.5,1,0.825,omit,179,0,5:9
prefixSum-010,prefixSum,swap-index-var,budget:0.3,2,5,9,write,1,0.5,1,0.825,omit,179,0,5:9
axpy-000,axpy,start-minus-one,none,0,4,26,read,0,1,0,0.35,omit,179,0,4:9
axpy-000,axpy,start-minus-one,performance,0,4,26,read,0,1,0,0.35,omit,179,0,4:9
axpy-000,axpy,start-minus-one,budget:0.25,0,4,26,read,0,1,0,0.35,omit,179,0,4:9
axpy-000,axpy,start-minus-one,threshold:0.65,0,4,26,read,0,1,0,0.35,omit,179,0,4:9
axpy-000,axpy,start-minus-one,threshold:0.7,0,4,26,read,0,1,0,0.35,omit,179,0,4:9
axpy-000,axpy,start-minus-one,threshold:0.75,0,4,26,read,0,1,0,0.35,omit,179,0,4:9
axpy-000,axpy,start-minus-one,threshold:0.8,0,4,26,read,0,1,0,0.35,omit,179,0,4:9
axpy-000,axpy,start-minus-one,threshold:0.85,0,4,26,read,0,1,0,0.35,omit,179,0,4:9
axpy-000,axpy,start-minus-one,threshold:0.9,0,4,26,read,0,1,0,0.35,omit,179,0,4:9
axpy-000,axpy,start-minus-one,threshold:0.95,0,4,26,read,0,1,0,0.35,omit,179,0,4:9
axpy-000,axpy,start-minus-one,threshold:1,0,4,26,read,0,1,0,0.35,omit,179,0,4:9
axpy-000,axpy,start-minus-one,budget:0,0,4,26,read,0,1,0,0.35,omit,179,0,4:9
axpy-000,axpy,start-minus-one,budget:0.05,0,4,26,read,0,1,0,0.35,omit,179,0,4:9
axpy-000,axpy,start-minus-one,budget:0.1,0,4,26,read,0,1,0,0.35,omit,179,0,4:9
axpy-000,axpy,start-minus-one,budget:0.15,0,4,26,read,0,1,0,0.35,omit,179,0,4:9
axpy-000,axpy,start-minus-one,budget:0.2,0,4,26,read,0,1,0,0.35,omit,179,0,4:9
axpy-000,axpy,start-minus-one,budget:0.3,0,4,26,read,0,1,0,0.35,omit,179,0,4:9
axpy-000,axpy,start-minus-one,budget:0.35,0,4,26,read,0,1,0,0.35,omit,179,0,4:9
axpy-001,axpy,lt-to-le,none,0,4,26,read,0,1,0,0.35,omit,25,0,4:9
axpy-001,axpy,lt-to-le,performance,0,4,26,read,0,1,0,0.35,omit,25,0,4:9
axpy-001,axpy,lt-to-le,budget:0.25,0,4,26,read,0,1,0,0.35,omit,25,0,4:9
axpy-001,axpy,lt-to-le,threshold:0.65,0,4,26,read,0,1,0,0.35,omit,25,0,4:9
axpy-001,axpy,lt-to-le,threshold:0.7,0,4,26,read,0,1,0,0.35,omit,25,0,4:9
axpy-001,axpy,lt-to-le,threshold:0.75,0,4,26,read,0,1,0,0.35,omit,25,0,4:9
axpy-001,axpy,lt-to-le,threshold:0.8,0,4,26,read,0,1,0,0.35,omit,25,0,4:9
axpy-001,axpy,lt-to-le,threshold:0.85,0,4,26,read,0,1,0,0.35,omit,25,0,4:9
axpy-001,axpy,lt-to-le,threshold:0.9,0,4,26,read,0,1,0,0.35,omit,25,0,4:9
axpy-001,axpy,lt-to-le,threshold:0.95,0,4,26,read,0,1,0,0.35,omit,25,0,4:9
axpy-001,axpy,lt-to-le,threshold:1,0,4,26,read,0,1,0,0.35,omit,25,0,4:9
axpy-001,axpy,lt-to-le,budget:0,0,4,26,read,0,1,0,0.35,omit,25,0,4:9
axpy-001,axpy,lt-to-le,budget:0.05,0,4,26,read,0,1,0,0.35,omit,25,0,4:9
axpy-001,axpy,lt-to-le,budget:0.1,0,4,26,read,0,1,0,0.35,omit,25,0,4:9
axpy-001,axpy,lt-to-le,budget:0.15,0,4,26,read,0,1,0,0.35,omit,25,0,4:9
axpy-001,axpy,lt-to-le,budget:0.2,0,4,26,read,0,1,0,0.35,omit,25,0,4:9
axpy-001,axpy,lt-to-le,budget:0.3,0,4,26,read,0,1,0,0.35,omit,25,0,4:9
axpy-001,axpy,lt-to-le,budget:0.35,0,4,26,read,0,1,0,0.35,omit,25,0,4:9
axpy-014,axpy,index-plus-one,none,2,4,9,write,0,0.5,1,0.425,omit,30,0,4:9
axpy-014,axpy,index-plus-one,balanced,2,4,9,write,0,0.5,1,0.425,omit,30,0,4:9
axpy-014,axpy,index-plus-one,performance,2,4,9,write,0,0.5,1,0.425,omit,30,0,4:9
axpy-014,axpy,index-plus-one,budget:0.25,2,4,9,write,0,0.5,1,0.425,omit,30,0,4:9
axpy-014,axpy,index-plus-one,threshold:0.45,2,4,9,write,0,0.5,1,0.425,omit,30,0,4:9
axpy-014,axpy,index-plus-one,threshold:0.5,2,4,9,write,0,0.5,1,0.425,omit,30,0,4:9
axpy-014,axpy,index-plus-one,threshold:0.55,2,4,9,write,0,0.5,1,0.425,omit,30,0,4:9
axpy-014,axpy,index-plus-one,threshold:0.6,2,4,9,write,0,0.5,1,0.425,omit,30,0,4:9
axpy-014,axpy,index-plus-one,threshold:0.65,2,4,9,write,0,0.5,1,0.425,omit,30,0,4:9
axpy-014,axpy,index-plus-one,threshold:0.7,2,4,9,write,0,0.5,1,0.425,omit,30,0,4:9
axpy-014,axpy,index-plus-one,threshold:0.75,2,4,9,write,0,0.5,1,0.425,omit,30,0,4:9
axpy-014,axpy,index-plus-one,threshold:0.8,2,4,9,write,0,0.5,1,0.425,omit,30,0,4:9
axpy-014,axpy,index-plus-one,threshold:0.85,2,4,9,write,0,0.5,1,0.425,omit,30,0,4:9
axpy-014,axpy,index-plus-one,threshold:0.9,2,4,9,write,0,0.5,1,0.425,omit,30,0,4:9
axpy-014,axpy,index-plus-one,threshold:0.95,2,4,9,write,0,0.5,1,0.425,omit,30,0,4:9
axpy-014,axpy,index-plus-one,threshold:1,2,4,9,write,0,0.5,1,0.425,omit,30,0,4:9
axpy-014,axpy,index-plus-one,budget:0,2,4,9,write,0,0.5,1,0.425,omit,30,0,4:9
axpy-014,axpy,index-plus-one,budget:0.05,2,4,9,write,0,0.5,1,0.425,omit,30,0,4:9
axpy-014,axpy,index-plus-one,budget:0.1,2,4,9,write,0,0.5,1,0.425,omit,30,0,4:9
axpy-014,axpy,index-plus-one,budget:0.15,2,4,9,write,0,0.5,1,0.425,omit,30,0,4:9
axpy-014,axpy,index-plus-one,budget:0.2,2,4,9,write,0,0.5,1,0.425,omit,30,0,4:9
axpy-014,axpy,index-plus-one,budget:0.3,2,4,9,write,0,0.5,1,0.425,omit,30,0,4:9
axpy-014,axpy,index-plus-one,budget:0.35,2,4,9,write,0,0.5,1,0.425,omit,30,0,4:9
axpy-015,axpy,index-minus-one,none,2,4,9,write,0,1,1,0.6,omit,168,0,4:9
axpy-015,axpy,index-minus-one,performance,2,4,9,write,0,1,1,0.6,omit,168,0,4:9
axpy-015,axpy,index-minus-one,budget:0.25,2,4,9,write,0,1,1,0.6,omit,168,0,4:9
axpy-015,axpy,index-minus-one,threshold:0.65,2,4,9,write,0,1,1,0.6,omit,168,0,4:9
axpy-015,axpy,index-minus-one,threshold:0.7,2,4,9,write,0,1,1,0.6,omit,168,0,4:9
axpy-015,axpy,index-minus-one,threshold:0.75,2,4,9,write,0,1,1,0.6,omit,168,0,4:9
axpy-015,axpy,index-minus-one,threshold:0.8,2,4,9,write,0,1,1,0.6,omit,168,0,4:9
axpy-015,axpy,index-minus-one,threshold:0.85,2,4,9,write,0,1,1,0.6,omit,168,0,4:9
axpy-015,axpy,index-minus-one,threshold:0.9,2,4,9,write,0,1,1,0.6,omit,168,0,4:9
axpy-015,axpy,index-minus-one,threshold:0.95,2,4,9,write,0,1,1,0.6,omit,168,0,4:9
axpy-015,axpy,index-minus-one,threshold:1,2,4,9,write,0,1,1,0.6,omit,168,0,4:9
axpy-015,axpy,index-minus-one,budget:0,2,4,9,write,0,1,1,0.6,omit,168,0,4:9
axpy-015,axpy,index-minus-one,budget:0.05,2,4,9,write,0,1,1,0.6,omit,168,0,4:9
axpy-015,axpy,index-minus-one,budget:0.1,2,4,9,write,0,1,1,0.6,omit,168,0,4:9
axpy-015,axpy,index-minus-one,budget:0.15,2,4,9,write,0,1,1,0.6,omit,168,0,4:9
axpy-015,axpy,index-minus-one,budget:0.2,2,4,9,write,0,1,1,0.6,omit,168,0,4:9
axpy-015,axpy,index-minus-one,budget:0.3,2,4,9,write,0,1,1,0.6,omit,168,0,4:9
axpy-015,axpy,index-minus-one,budget:0.35,2,4,9,write,0,1,1,0.6,omit,168,0,4:9
axpy-016,axpy,swap-index-var,none,2,4,9,write,1,1,1,1,omit,168,0,4:9
axpy-016,axpy,swap-index-var,budget:0.25,2,4,9,write,1,1,1,1,omit,168,0,4:9
axpy-016,axpy,swap-index-var,budget:0,2,4,9,write,1,1,1,1,omit,168,0,4:9
axpy-016,axpy,swap-index-var,budget:0.05,2,4,9,write,1,1,1,1,omit,168,0,4:9
axpy-016,axpy,swap-index-var,budget:0.1,2,4,9,write,1,1,1,1,omit,168,0,4:9
axpy-016,axpy,swap-index-var,budget:0.15,2,4,9,write,1,1,1,1,omit,168,0,4:9
axpy-016,axpy,swap-index-var,budget:0.2,2,4,9,write,1,1,1,1,omit,168,0,4:9
axpy-016,axpy,swap-index-var,budget:0.3,2,4,9,write,1,1,1,1,omit,168,0,4:9
axpy-016,axpy,swap-index-var,budget:0.35,2,4,9,write,1,1,1,1,omit,168,0,4:9
axpy-017,axpy,swap-index-var,none,2,4,9,write,1,1,1,1,omit,168,0,4:9
axpy-017,axpy,swap-index-var,budget:0.25,2,4,9,write,1,1,1,1,omit,168,0,4:9
axpy-017,axpy,swap-index-var,budget:0,2,4,9,write,1,1,1,1,omit,168,0,4:9
axpy-017,axpy,swap-index-var,budget:0.05,2,4,9,write,1,1,1,1,omit,168,0,4:9
axpy-017,axpy,swap-index-var,budget:0.1,2,4,9,write,1,1,1,1,omit,168,0,4:9
axpy-017,axpy,swap-index-var,budget:0.15,2,4,9,write,1,1,1,1,omit,168,0,4:9
axpy-017,axpy,swap-index-var,budget:0.2,2,4,9,write,1,1,1,1,omit,168,0,4:9
axpy-017,axpy,swap-index-var,budget:0.3,2,4,9,write,1,1,1,1,omit,168,0,4:9
axpy-017,axpy,swap-index-var,budget:0.35,2,4,9,write,1,1,1,1,omit,168,0,4:9
axpy-018,axpy,swap-index-var,none,2,4,9,write,1,1,1,1,omit,73,1,4:9
axpy-018,axpy,swap-index-var,budget:0.25,2,4,9,write,1,1,1,1,omit,73,1,4:9
axpy-018,axpy,swap-index-var,budget:0,2,4,9,write,1,1,1,1,omit,73,1,4:9
axpy-018,axpy,swap-index-var,budget:0.05,2,4,9,write,1,1,1,1,omit,73,1,4:9
axpy-018,axpy,swap-index-var,budget:0.1,2,4,9,write,1,1,1,1,omit,73,1,4:9
axpy-018,axpy,swap-index-var,budget:0.15,2,4,9,write,1,1,1,1,omit,73,1,4:9
axpy-018,axpy,swap-index-var,budget:0.2,2,4,9,write,1,1,1,1,omit,73,1,4:9
axpy-018,axpy,swap-index-var,budget:0.3,2,4,9,write,1,1,1,1,omit,73,1,4:9
axpy-018,axpy,swap-index-var,budget:0.35,2,4,9,write,1,1,1,1,omit,73,1,4:9
axpy-019,axpy,swap-index-var,none,2,4,9,write,1,0.5,1,0.825,omit,30,0,4:9
axpy-019,axpy,swap-index-var,budget:0.25,2,4,9,write,1,0.5,1,0.825,omit,30,0,4:9
axpy-019,axpy,swap-index-var,threshold:0.85,2,4,9,write,1,0.5,1,0.825,omit,30,0,4:9
axpy-019,axpy,swap-index-var,threshold:0.9,2,4,9,write,1,0.5,1,0.825,omit,30,0,4:9
axpy-019,axpy,swap-index-var,threshold:0.95,2,4,9,write,1,0.5,1,0.825,omit,30,0,4:9
axpy-019,axpy,swap-index-var,threshold:1,2,4,9,write,1,0.5,1,0.825,omit,30,0,4:9
axpy-019,axpy,swap-index-var,budget:0,2,4,9,write,1,0.5,1,0.825,omit,30,0,4:9
axpy-019,axpy,swap-index-var,budget:0.05,2,4,9,write,1,0.5,1,0.825,omit,30,0,4:9
axpy-019,axpy,swap-index-var,budget:0.1,2,4,9,write,1,0.5,1,0.825,omit,30,0,4:9
axpy-019,axpy,swap-index-var,budget:0.15,2,4,9,write,1,0.5,1,0.825,omit,30,0,4:9
axpy-019,axpy,swap-index-var,budget:0.2,2,4,9,write,1,0.5,1,0.825,omit,30,0,4:9
axpy-019,axpy,swap-index-var,budget:0.3,2,4,9,write,1,0.5,1,0.825,omit,30,0,4:9
axpy-019,axpy,swap-index-var,budget:0.35,2,4,9,write,1,0.5,1,0.825,omit,30,0,4:9
matvec-000,matvec,start-minus-one,none,0,6,23,read,1,1,0,0.75,omit,157,0,8:9
matvec-000,matvec,start-minus-one,none,2,8,9,write,0,1,1,0.6,omit,43,1,8:9
matvec-000,matvec,start-minus-one,performance,0,6,23,read,1,1,0,0.75,omit,157,0,8:9
matvec-000,matvec,start-minus-one,performance,2,8,9,write,0,1,1,0.6,omit,43,1,8:9
matvec-000,matvec,start-minus-one,threshold:0.65,2,8,9,write,0,1,1,0.6,omit,43,1,8:9
matvec-000,matvec,start-minus-one,threshold:0.7,2,8,9,write,0,1,1,0.6,omit,43,1,8:9
matvec-000,matvec,start-minus-one,threshold:0.75,2,8,9,write,0,1,1,0.6,omit,43,1,8:9
matvec-000,matvec,start-minus-one,threshold:0.8,0,6,23,read,1,1,0,0.75,omit,157,0,8:9
matvec-000,matvec,start-minus-one,threshold:0.8,2,8,9,write,0,1,1,0.6,omit,43,1,8:9
matvec-000,matvec,start-minus-one,threshold:0.85,0,6,23,read,1,1,0,0.75,omit,157,0,8:9
matvec-000,matvec,start-minus-one,threshold:0.85,2,8,9,write,0,1,1,0.6,omit,43,1,8:9
matvec-000,matvec,start-minus-one,threshold:0.9,0,6,23,read,1,1,0,0.75,omit,157,0,8:9
matvec-000,matvec,start-minus-one,threshold:0.9,2,8,9,write,0,1,1,0.6,omit,43,1,8:9
matvec-000,matvec,start-minus-one,threshold:0.95,0,6,23,read,1,1,0,0.75,omit,157,0,8:9
matvec-000,matvec,start-minus-one,threshold:0.95,2,8,9,write,0,1,1,0.6,omit,43,1,8:9
matvec-000,matvec,start-minus-one,threshold:1,0,6,23,read,1,1,0,0.75,omit,157,0,8:9
matvec-000,matvec,start-minus-one,threshold:1,2,8,9,write,0,1,1,0.6,omit,43,1,8:9
matvec-000,matvec,start-minus-one,budget:0,0,6,23,read,1,1,0,0.75,omit,157,0,8:9
matvec-000,matvec,start-minus-one,budget:0,2,8,9,write,0,1,1,0.6,omit,43,1,8:9
matvec-000,matvec,start-minus-one,budget:0.05,0,6,23,read,1,1,0,0.75,omit,157,0,8:9
matvec-000,matvec,start-minus-one,budget:0.05,2,8,9,write,0,1,1,0.6,omit,43,1,8:9
matvec-001,matvec,lt-to-le,none,0,6,23,read,1,1,0,0.75,omit,157,0,8:9
matvec-001,matvec,lt-to-le,none,2,8,9,write,0,1,1,0.6,omit,43,1,8:9
matvec-001,matvec,lt-to-le,performance,0,6,23,read,1,1,0,0.75,omit,157,0,8:9
matvec-001,matvec,lt-to-le,performance,2,8,9,write,0,1,1,0.6,omit,43,1,8:9
matvec-001,matvec,lt-to-le,threshold:0.65,2,8,9,write,0,1,1,0.6,omit,43,1,8:9
matvec-001,matvec,lt-to-le,threshold:0.7,2,8,9,write,0,1,1,0.6,omit,43,1,8:9
matvec-001,matvec,lt-to-le,threshold:0.75,2,8,9,write,0,1,1,0.6,omit,43,1,8:9
matvec-001,matvec,lt-to-le,threshold:0.8,0,6,23,read,1,1,0,0.75,omit,157,0,8:9
matvec-001,matvec,lt-to-le,threshold:0.8,2,8,9,write,0,1,1,0.6,omit,43,1,8:9
matvec-001,matvec,lt-to-le,threshold:0.85,0,6,23,read,1,1,0,0.75,omit,157,0,8:9
matvec-001,matvec,lt-to-le,threshold:0.85,2,8,9,write,0,1,1,0.6,omit,43,1,8:9
matvec-001,matvec,lt-to-le,threshold:0.9,0,6,23,read,1,1,0,0.75,omit,157,0,8:9
matvec-001,matvec,lt-to-le,threshold:0.9,2,8,9,write,0,1,1,0.6,omit,43,1,8:9
matvec-001,matvec,lt-to-le,threshold:0.95,0,6,23,read,1,1,0,0.75,omit,157,0,8:9
matvec-001,matvec,lt-to-le,threshold:0.95,2,8,9,write,0,1,1,0.6,omit,43,1,8:9
matvec-001,matvec,lt-to-le,threshold:1,0,6,23,read,1,1,0,0.75,omit,157,0,8:9
matvec-001,matvec,lt-to-le,threshold:1,2,8,9,write,0,1,1,0.6,omit,43,1,8:9
matvec-001,matvec,lt-to-le,budget:0,0,6,23,read,1,1,0,0.75,omit,157,0,8:9
matvec-001,matvec,lt-to-le,budget:0,2,8,9,write,0,1,1,0.6,omit,43,1,8:9
matvec-001,matvec,lt-to-le,budget:0.05,0,6,23,read,1,1,0,0.75,omit,157,0,8:9
matvec-001,matvec,lt-to-le,budget:0.05,2,8,9,write,0,1,1,0.6,omit,43,1,8:9
matvec-036,matvec,index-plus-one,none,2,8,9,write,0,0.5,1,0.425,omit,200,0,8:9
matvec-036,matvec,index-plus-one,balanced,2,8,9,write,0,0.5,1,0.425,omit,200,0,8:9
matvec-036,matvec,index-plus-one,performance,2,8,9,write,0,0.5,1,0.425,omit,200,0,8:9
matvec-036,matvec,index-plus-one,threshold:0.45,2,8,9,write,0,0.5,1,0.425,omit,200,0,8:9
matvec-036,matvec,index-plus-one,threshold:0.5,2,8,9,write,0,0.5,1,0.425,omit,200,0,8:9
matvec-036,matvec,index-plus-one,threshold:0.55,2,8,9,write,0,0.5,1,0.425,omit,200,0,8:9
matvec-036,matvec,index-plus-one,threshold:0.6,2,8,9,write,0,0.5,1,0.425,omit,200,0,8:9
matvec-036,matvec,index-plus-one,threshold:0.65,2,8,9,write,0,0.5,1,0.425,omit,200,0,8:9
matvec-036,matvec,index-plus-one,threshold:0.7,2,8,9,write,0,0.5,1,0.425,omit,200,0,8:9
matvec-036,matvec,index-plus-one,threshold:0.75,2,8,9,write,0,0.5,1,0.425,omit,200,0,8:9
matvec-036,matvec,index-plus-one,threshold:0.8,2,8,9,write,0,0.5,1,0.425,omit,200,0,8:9
matvec-036,matvec,index-plus-one,threshold:0.85,2,8,9,write,0,0.5,1,0.425,omit,200,0,8:9
matvec-036,matvec,index-plus-one,threshold:0.9,2,8,9,write,0,0.5,1,0.425,omit,200,0,8:9
matvec-036,matvec,index-plus-one,threshold:0.95,2,8,9,write,0,0.5,1,0.425,omit,200,0,8:9
matvec-036,matvec,index-plus-one,threshold:1,2,8,9,write,0,0.5,1,0.425,omit,200,0,8:9
matvec-036,matvec,index-plus-one,budget:0,2,8,9,write,0,0.5,1,0.425,omit,200,0,8:9
matvec-036,matvec,index-plus-one,budget:0.05,2,8,9,write,0,0.5,1,0.425,omit,200,0,8:9
matvec-037,matvec,index-minus-one,none,2,8,9,write,0,1,1,0.6,omit,200,0,8:9
matvec-037,matvec,index-minus-one,performance,2,8,9,write,0,1,1,0.6,omit,200,0,8:9
matvec-037,matvec,index-minus-one,threshold:0.65,2,8,9,write,0,1,1,0.6,omit,200,0,8:9
matvec-037,matvec,index-minus-one,threshold:0.7,2,8,9,write,0,1,1,0.6,omit,200,0,8:9
matvec-037,matvec,index-minus-one,threshold:0.75,2,8,9,write,0,1,1,0.6,omit,200,0,8:9
matvec-037,matvec,index-minus-one,threshold:0.8,2,8,9,write,0,1,1,0.6,omit,200,0,8:9
matvec-037,matvec,index-minus-one,threshold:0.85,2,8,9,write,0,1,1,0.6,omit,200,0,8:9
matvec-037,matvec,index-minus-one,threshold:0.9,2,8,9,write,0,1,1,0.6,omit,200,0,8:9
matvec-037,matvec,index-minus-one,threshold:0.95,2,8,9,write,0,1,1,0.6,omit,200,0,8:9
matvec-037,matvec,index-minus-one,threshold:1,2,8,9,write,0,1,1,0.6,omit,200,0,8:9
matvec-037,matvec,index-minus-one,budget:0,2,8,9,write,0,1,1,0.6,omit,200,0,8:9
matvec-037,matvec,index-minus-one,budget:0.05,2,8,9,write,0,1,1,0.6,omit,200,0,8:9
matvec-038,matvec,swap-index-var,none,2,8,9,write,1,1,1,1,omit,95,0,8:9
matvec-038,matvec,swap-index-var,budget:0,2,8,9,write,1,1,1,1,omit,95,0,8:9
matvec-038,matvec,swap-index-var,budget:0.05,2,8,9,write,1,1,1,1,omit,95,0,8:9
matvec-039,matvec,swap-index-var,none,2,8,9,write,1,1,1,1,omit,103,0,8:9
matvec-039,matvec,swap-index-var,budget:0,2,8,9,write,1,1,1,1,omit,103,0,8:9
matvec-039,matvec,swap-index-var,budget:0.05,2,8,9,write,1,1,1,1,omit,103,0,8:9
matvec-040,matvec,swap-index-var,none,2,8,9,write,1,1,1,1,omit,200,0,8:9
matvec-040,matvec,swap-index-var,budget:0,2,8,9,write,1,1,1,1,omit,200,0,8:9
matvec-040,matvec,swap-index-var,budget:0.05,2,8,9,write,1,1,1,1,omit,200,0,8:9
matvec-041,matvec,swap-index-var,none,2,8,9,write,1,0.5,1,0.825,omit,200,0,8:9
matvec-041,matvec,swap-index-var,threshold:0.85,2,8,9,write,1,0.5,1,0.825,omit,200,0,8:9
matvec-041,matvec,swap-index-var,threshold:0.9,2,8,9,write,1,0.5,1,0.825,omit,200,0,8:9
matvec-041,matvec,swap-index-var,threshold:0.95,2,8,9,write,1,0.5,1,0.825,omit,200,0,8:9
matvec-041,matvec,swap-index-var,threshold:1,2,8,9,write,1,0.5,1,0.825,omit,200,0,8:9
matvec-041,matvec,swap-index-var,budget:0,2,8,9,write,1,0.5,1,0.825,omit,200,0,8:9
matvec-041,matvec,swap-index-var,budget:0.05,2,8,9,write,1,0.5,1,0.825,omit,200,0,8:9
matvec-042,matvec,swap-index-var,none,2,8,9,write,1,1,1,1,omit,103,0,8:9
matvec-042,matvec,swap-index-var,budget:0,2,8,9,write,1,1,1,1,omit,103,0,8:9
matvec-042,matvec,swap-index-var,budget:0.05,2,8,9,write,1,1,1,1,omit,103,0,8:9
matvec-043,matvec,swap-index-var,none,2,8,9,write,1,1,1,1,omit,4,26,8:9
matvec-043,matvec,swap-index-var,budget:0,2,8,9,write,1,1,1,1,omit,4,26,8:9
matvec-043,matvec,swap-index-var,budget:0.05,2,8,9,write,1,1,1,1,omit,4,26,8:9
stencil-017,stencil,swap-index-var,none,3,5,9,write,1,1,1,1,omit,186,0,5:9
stencil-017,stencil,swap-index-var,budget:0.25,3,5,9,write,1,1,1,1,omit,186,0,5:9
stencil-017,stencil,swap-index-var,budget:0,3,5,9,write,1,1,1,1,omit,186,0,5:9
stencil-017,stencil,swap-index-var,budget:0.05,3,5,9,write,1,1,1,1,omit,186,0,5:9
stencil-017,stencil,swap-index-var,budget:0.1,3,5,9,write,1,1,1,1,omit,186,0,5:9
stencil-017,stencil,swap-index-var,budget:0.15,3,5,9,write,1,1,1,1,omit,186,0,5:9
stencil-017,stencil,swap-index-var,budget:0.2,3,5,9,write,1,1,1,1,omit,186,0,5:9
stencil-018,stencil,swap-index-var,none,3,5,9,write,1,1,1,1,omit,186,0,5:9
stencil-018,stencil,swap-index-var,budget:0.25,3,5,9,write,1,1,1,1,omit,186,0,5:9
stencil-018,stencil,swap-index-var,budget:0,3,5,9,write,1,1,1,1,omit,186,0,5:9
stencil-018,stencil,swap-index-var,budget:0.05,3,5,9,write,1,1,1,1,omit,186,0,5:9
stencil-018,stencil,swap-index-var,budget:0.1,3,5,9,write,1,1,1,1,omit,186,0,5:9
stencil-018,stencil,swap-index-var,budget:0.15,3,5,9,write,1,1,1,1,omit,186,0,5:9
stencil-018,stencil,swap-index-var,budget:0.2,3,5,9,write,1,1,1,1,omit,186,0,5:9
stencilV-019,stencilV,swap-index-var,none,3,6,9,write,1,1,1,1,omit,189,0,6:9
stencilV-019,stencilV,swap-index-var,budget:0.25,3,6,9,write,1,1,1,1,omit,189,0,6:9
stencilV-019,stencilV,swap-index-var,budget:0,3,6,9,write,1,1,1,1,omit,189,0,6:9
stencilV-019,stencilV,swap-index-var,budget:0.05,3,6,9,write,1,1,1,1,omit,189,0,6:9
stencilV-019,stencilV,swap-index-var,budget:0.1,3,6,9,write,1,1,1,1,omit,189,0,6:9
stencilV-019,stencilV,swap-index-var,budget:0.15,3,6,9,write,1,1,1,1,omit,189,0,6:9
stencilV-019,stencilV,swap-index-var,budget:0.2,3,6,9,write,1,1,1,1,omit,189,0,6:9
stencilV-020,stencilV,swap-index-var,none,3,6,9,write,1,1,1,1,omit,189,0,6:9
stencilV-020,stencilV,swap-index-var,budget:0.25,3,6,9,write,1,1,1,1,omit,189,0,6:9
stencilV-020,stencilV,swap-index-var,budget:0,3,6,9,write,1,1,1,1,omit,189,0,6:9
stencilV-020,stencilV,swap-index-var,budget:0.05,3,6,9,write,1,1,1,1,omit,189,0,6:9
stencilV-020,stencilV,swap-index-var,budget:0.1,3,6,9,write,1,1,1,1,omit,189,0,6:9
stencilV-020,stencilV,swap-index-var,budget:0.15,3,6,9,write,1,1,1,1,omit,189,0,6:9
stencilV-020,stencilV,swap-index-var,budget:0.2,3,6,9,write,1,1,1,1,omit,189,0,6:9
smooth-010,smooth,index-plus-one,none,1,11,9,write,1,1,1,1,omit,53,3,11:9
smooth-010,smooth,index-plus-one,budget:0,1,11,9,write,1,1,1,1,omit,53,3,11:9
smooth-010,smooth,index-plus-one,budget:0.05,1,11,9,write,1,1,1,1,omit,53,3,11:9
smooth-011,smooth,index-minus-one,none,1,11,9,write,1,1,1,1,omit,53,3,11:9
smooth-011,smooth,index-minus-one,budget:0,1,11,9,write,1,1,1,1,omit,53,3,11:9
smooth-011,smooth,index-minus-one,budget:0.05,1,11,9,write,1,1,1,1,omit,53,3,11:9
smooth-012,smooth,swap-index-var,none,1,11,9,write,1,1,1,1,omit,180,0,11:9
smooth-012,smooth,swap-index-var,budget:0,1,11,9,write,1,1,1,1,omit,180,0,11:9
smooth-012,smooth,swap-index-var,budget:0.05,1,11,9,write,1,1,1,1,omit,180,0,11:9
smooth-013,smooth,swap-index-var,none,1,11,9,write,1,1,1,1,omit,180,0,11:9
smooth-013,smooth,swap-index-var,budget:0,1,11,9,write,1,1,1,1,omit,180,0,11:9
smooth-013,smooth,swap-index-var,budget:0.05,1,11,9,write,1,1,1,1,omit,180,0,11:9
smooth-015,smooth,swap-index-var,none,1,11,9,write,1,1,1,1,omit,66,4,11:9
smooth-015,smooth,swap-index-var,budget:0,1,11,9,write,1,1,1,1,omit,66,4,11:9
smooth-015,smooth,swap-index-var,budget:0.05,1,11,9,write,1,1,1,1,omit,59,4,11:9
smooth-016,smooth,swap-index-var,none,1,11,9,write,1,1,1,1,omit,180,0,11:9
smooth-016,smooth,swap-index-var,budget:0,1,11,9,write,1,1,1,1,omit,180,0,11:9
smooth-016,smooth,swap-index-var,budget:0.05,1,11,9,write,1,1,1,1,omit,180,0,11:9
smoothV-012,smoothV,index-plus-one,none,1,14,9,write,1,1,1,1,omit,45,0,14:9
smoothV-012,smoothV,index-plus-one,budget:0,1,14,9,write,1,1,1,1,omit,45,0,14:9
smoothV-012,smoothV,index-plus-one,budget:0.05,1,14,9,write,1,1,1,1,omit,45,0,14:9
smoothV-013,smoothV,index-minus-one,none,1,14,9,write,1,1,1,1,omit,45,0,14:9
smoothV-013,smoothV,index-minus-one,budget:0,1,14,9,write,1,1,1,1,omit,45,0,14:9
smoothV-013,smoothV,index-minus-one,budget:0.05,1,14,9,write,1,1,1,1,omit,45,0,14:9
smoothV-014,smoothV,swap-index-var,none,1,14,9,write,1,1,1,1,omit,177,0,14:9
smoothV-014,smoothV,swap-index-var,budget:0,1,14,9,write,1,1,1,1,omit,177,0,14:9
smoothV-014,smoothV,swap-index-var,budget:0.05,1,14,9,write,1,1,1,1,omit,177,0,14:9
smoothV-015,smoothV,swap-index-var,none,1,14,9,write,1,1,1,1,omit,177,0,14:9
smoothV-015,smoothV,swap-index-var,budget:0,1,14,9,write,1,1,1,1,omit,177,0,14:9
smoothV-015,smoothV,swap-index-var,budget:0.05,1,14,9,write,1,1,1,1,omit,177,0,14:9
smoothV-017,smoothV,swap-index-var,none,1,14,9,write,1,1,1,1,omit,45,0,14:9
smoothV-017,smoothV,swap-index-var,budget:0,1,14,9,write,1,1,1,1,omit,45,0,14:9
smoothV-017,smoothV,swap-index-var,budget:0.05,1,14,9,write,1,1,1,1,omit,45,0,14:9
smoothV-018,smoothV,swap-index-var,none,1,14,9,write,1,1,1,1,omit,15,2,14:9
smoothV-018,smoothV,swap-index-var,budget:0,1,14,9,write,1,1,1,1,omit,15,2,14:9
smoothV-018,smoothV,swap-index-var,budget:0.05,1,14,9,write,1,1,1,1,omit,15,2,14:9
smoothV-019,smoothV,swap-index-var,none,1,14,9,write,1,1,1,1,omit,65,4,14:9
smoothV-019,smoothV,swap-index-var,budget:0,1,14,9,write,1,1,1,1,omit,65,4,14:9
smoothV-019,smoothV,swap-index-var,budget:0.05,1,14,9,write,1,1,1,1,omit,60,4,14:9
smoothV-020,smoothV,swap-index-var,none,1,14,9,write,1,1,1,1,omit,177,0,14:9
smoothV-020,smoothV,swap-index-var,budget:0,1,14,9,write,1,1,1,1,omit,177,0,14:9
smoothV-020,smoothV,swap-index-var,budget:0.05,1,14,9,write,1,1,1,1,omit,177,0,14:9
histogram-013,histogram,index-plus-one,none,2,5,9,write,1,1,1,1,omit,147,0,5:9
histogram-013,histogram,index-plus-one,budget:0.25,2,5,9,write,1,1,1,1,omit,147,0,5:9
histogram-013,histogram,index-plus-one,budget:0,2,5,9,write,1,1,1,1,omit,147,0,5:9
histogram-013,histogram,index-plus-one,budget:0.05,2,5,9,write,1,1,1,1,omit,147,0,5:9
histogram-013,histogram,index-plus-one,budget:0.1,2,5,9,write,1,1,1,1,omit,147,0,5:9
histogram-013,histogram,index-plus-one,budget:0.15,2,5,9,write,1,1,1,1,omit,147,0,5:9
histogram-013,histogram,index-plus-one,budget:0.2,2,5,9,write,1,1,1,1,omit,147,0,5:9
histogram-013,histogram,index-plus-one,budget:0.3,2,5,9,write,1,1,1,1,omit,147,0,5:9
histogram-013,histogram,index-plus-one,budget:0.35,2,5,9,write,1,1,1,1,omit,147,0,5:9
histogram-014,histogram,index-minus-one,none,2,5,9,write,1,1,1,1,omit,145,2,5:9
histogram-014,histogram,index-minus-one,budget:0.25,2,5,9,write,1,1,1,1,omit,145,2,5:9
histogram-014,histogram,index-minus-one,budget:0,2,5,9,write,1,1,1,1,omit,145,2,5:9
histogram-014,histogram,index-minus-one,budget:0.05,2,5,9,write,1,1,1,1,omit,145,2,5:9
histogram-014,histogram,index-minus-one,budget:0.1,2,5,9,write,1,1,1,1,omit,145,2,5:9
histogram-014,histogram,index-minus-one,budget:0.15,2,5,9,write,1,1,1,1,omit,145,2,5:9
histogram-014,histogram,index-minus-one,budget:0.2,2,5,9,write,1,1,1,1,omit,145,2,5:9
histogram-014,histogram,index-minus-one,budget:0.3,2,5,9,write,1,1,1,1,omit,145,2,5:9
histogram-014,histogram,index-minus-one,budget:0.35,2,5,9,write,1,1,1,1,omit,145,2,5:9
histogram-015,histogram,swap-index-var,none,2,5,9,write,1,0.5,1,0.825,omit,56,0,5:9
histogram-015,histogram,swap-index-var,budget:0.25,2,5,9,write,1,0.5,1,0.825,omit,56,0,5:9
histogram-015,histogram,swap-index-var,threshold:0.85,2,5,9,write,1,0.5,1,0.825,omit,56,0,5:9
histogram-015,histogram,swap-index-var,threshold:0.9,2,5,9,write,1,0.5,1,0.825,omit,56,0,5:9
histogram-015,histogram,swap-index-var,threshold:0.95,2,5,9,write,1,0.5,1,0.825,omit,56,0,5:9
histogram-015,histogram,swap-index-var,threshold:1,2,5,9,write,1,0.5,1,0.825,omit,56,0,5:9
histogram-015,histogram,swap-index-var,budget:0,2,5,9,write,1,0.5,1,0.825,omit,56,0,5:9
histogram-015,histogram,swap-index-var,budget:0.05,2,5,9,write,1,0.5,1,0.825,omit,56,0,5:9
histogram-015,histogram,swap-index-var,budget:0.1,2,5,9,write,1,0.5,1,0.825,omit,56,0,5:9
histogram-015,histogram,swap-index-var,budget:0.15,2,5,9,write,1,0.5,1,0.825,omit,56,0,5:9
histogram-015,histogram,swap-index-var,budget:0.2,2,5,9,write,1,0.5,1,0.825,omit,56,0,5:9
histogram-015,histogram,swap-index-var,budget:0.3,2,5,9,write,1,0.5,1,0.825,omit,56,0,5:9
histogram-015,histogram,swap-index-var,budget:0.35,2,5,9,write,1,0.5,1,0.825,omit,56,0,5:9
histogram-016,histogram,swap-index-var,none,2,5,9,write,1,1,1,1,omit,189,0,5:9
histogram-016,histogram,swap-index-var,budget:0.25,2,5,9,write,1,1,1,1,omit,189,0,5:9
histogram-016,histogram,swap-index-var,budget:0,2,5,9,write,1,1,1,1,omit,189,0,5:9
histogram-016,histogram,swap-index-var,budget:0.05,2,5,9,write,1,1,1,1,omit,189,0,5:9
histogram-016,histogram,swap-index-var,budget:0.1,2,5,9,write,1,1,1,1,omit,189,0,5:9
histogram-016,histogram,swap-index-var,budget:0.15,2,5,9,write,1,1,1,1,omit,189,0,5:9
histogram-016,histogram,swap-index-var,budget:0.2,2,5,9,write,1,1,1,1,omit,189,0,5:9
histogram-016,histogram,swap-index-var,budget:0.3,2,5,9,write,1,1,1,1,omit,189,0,5:9
histogram-016,histogram,swap-index-var,budget:0.35,2,5,9,write,1,1,1,1,omit,189,0,5:9
histogram-017,histogram,swap-index-var,none,2,5,9,write,0,0.5,1,0.425,omit,134,0,5:9
histogram-017,histogram,swap-index-var,balanced,2,5,9,write,0,0.5,1,0.425,omit,134,0,5:9
histogram-017,histogram,swap-index-var,performance,2,5,9,write,0,0.5,1,0.425,omit,134,0,5:9
histogram-017,histogram,swap-index-var,budget:0.25,2,5,9,write,0,0.5,1,0.425,omit,134,0,5:9
histogram-017,histogram,swap-index-var,budget:0.5,2,5,9,write,0,0.5,1,0.425,omit,134,0,5:9
histogram-017,histogram,swap-index-var,threshold:0.45,2,5,9,write,0,0.5,1,0.425,omit,134,0,5:9
histogram-017,histogram,swap-index-var,threshold:0.5,2,5,9,write,0,0.5,1,0.425,omit,134,0,5:9
histogram-017,histogram,swap-index-var,threshold:0.55,2,5,9,write,0,0.5,1,0.425,omit,134,0,5:9
histogram-017,histogram,swap-index-var,threshold:0.6,2,5,9,write,0,0.5,1,0.425,omit,134,0,5:9
histogram-017,histogram,swap-index-var,threshold:0.65,2,5,9,write,0,0.5,1,0.425,omit,134,0,5:9
histogram-017,histogram,swap-index-var,threshold:0.7,2,5,9,write,0,0.5,1,0.425,omit,134,0,5:9
histogram-017,histogram,swap-index-var,threshold:0.75,2,5,9,write,0,0.5,1,0.425,omit,134,0,5:9
histogram-017,histogram,swap-index-var,threshold:0.8,2,5,9,write,0,0.5,1,0.425,omit,134,0,5:9
histogram-017,histogram,swap-index-var,threshold:0.85,2,5,9,write,0,0.5,1,0.425,omit,134,0,5:9
histogram-017,histogram,swap-index-var,threshold:0.9,2,5,9,write,0,0.5,1,0.425,omit,134,0,5:9
histogram-017,histogram,swap-index-var,threshold:0.95,2,5,9,write,0,0.5,1,0.425,omit,134,0,5:9
histogram-017,histogram,swap-index-var,threshold:1,2,5,9,write,0,0.5,1,0.425,omit,134,0,5:9
histogram-017,histogram,swap-index-var,budget:0,2,5,9,write,0,0.5,1,0.425,omit,134,0,5:9
histogram-017,histogram,swap-index-var,budget:0.05,2,5,9,write,0,0.5,1,0.425,omit,134,0,5:9
histogram-017,histogram,swap-index-var,budget:0.1,2,5,9,write,0,0.5,1,0.425,omit,134,0,5:9
histogram-017,histogram,swap-index-var,budget:0.15,2,5,9,write,0,0.5,1,0.425,omit,134,0,5:9
histogram-017,histogram,swap-index-var,budget:0.2,2,5,9,write,0,0.5,1,0.425,omit,134,0,5:9
histogram-017,histogram,swap-index-var,budget:0.3,2,5,9,write,0,0.5,1,0.425,omit,134,0,5:9
histogram-017,histogram,swap-index-var,budget:0.35,2,5,9,write,0,0.5,1,0.425,omit,134,0,5:9
histogram-017,histogram,swap-index-var,budget:0.4,2,5,9,write,0,0.5,1,0.425,omit,134,0,5:9
histogram-017,histogram,swap-index-var,budget:0.45,2,5,9,write,0,0.5,1,0.425,omit,134,0,5:9
histogram-017,histogram,swap-index-var,budget:0.55,2,5,9,write,0,0.5,1,0.425,omit,134,0,5:9
histogram-017,histogram,swap-index-var,budget:0.6,2,5,9,write,0,0.5,1,0.425,omit,134,0,5:9
histogram-017,histogram,swap-index-var,budget:0.65,2,5,9,write,0,0.5,1,0.425,omit,134,0,5:9
bubbleSort-000,bubbleSort,start-minus-one,none,1,6,26,read,0,0.5,0,0.175,omit,200,0,8:17 9:17
bubbleSort-000,bubbleSort,start-minus-one,balanced,1,6,26,read,0,0.5,0,0.175,omit,200,0,8:17 9:17
bubbleSort-000,bubbleSort,start-minus-one,performance,1,6,26,read,0,0.5,0,0.175,omit,200,0,8:17 9:17
bubbleSort-000,bubbleSort,start-minus-one,budget:0.25,1,6,26,read,0,0.5,0,0.175,omit,200,0,8:17 9:17
bubbleSort-000,bubbleSort,start-minus-one,budget:0.5,1,6,26,read,0,0.5,0,0.175,omit,200,0,9:17
bubbleSort-000,bubbleSort,start-minus-one,threshold:0.45,1,6,26,read,0,0.5,0,0.175,omit,200,0,8:17 9:17
bubbleSort-000,bubbleSort,start-minus-one,threshold:0.5,1,6,26,read,0,0.5,0,0.175,omit,200,0,8:17 9:17
bubbleSort-000,bubbleSort,start-minus-one,threshold:0.55,1,6,26,read,0,0.5,0,0.175,omit,200,0,8:17 9:17
bubbleSort-000,bubbleSort,start-minus-one,threshold:0.6,1,6,26,read,0,0.5,0,0.175,omit,200,0,8:17 9:17
bubbleSort-000,bubbleSort,start-minus-one,threshold:0.65,1,6,26,read,0,0.5,0,0.175,omit,200,0,8:17 9:17
bubbleSort-000,bubbleSort,start-minus-one,threshold:0.7,1,6,26,read,0,0.5,0,0.175,omit,200,0,8:17 9:17
bubbleSort-000,bubbleSort,start-minus-one,threshold:0.75,1,6,26,read,0,0.5,0,0.175,omit,200,0,8:17 9:17
bubbleSort-000,bubbleSort,start-minus-one,threshold:0.8,1,6,26,read,0,0.5,0,0.175,omit,200,0,8:17 9:17
bubbleSort-000,bubbleSort,start-minus-one,threshold:0.85,1,6,26,read,0,0.5,0,0.175,omit,200,0,8:17 9:17
bubbleSort-000,bubbleSort,start-minus-one,threshold:0.9,1,6,26,read,0,0.5,0,0.175,omit,200,0,8:17 9:17
bubbleSort-000,bubbleSort,start-minus-one,threshold:0.95,1,6,26,read,0,0.5,0,0.175,omit,200,0,8:17 9:17
bubbleSort-000,bubbleSort,start-minus-one,threshold:1,1,6,26,read,0,0.5,0,0.175,omit,200,0,8:17 9:17
bubbleSort-000,bubbleSort,start-minus-one,budget:0,1,6,26,read,0,0.5,0,0.175,omit,200,0,8:17 9:17
bubbleSort-000,bubbleSort,start-minus-one,budget:0.05,1,6,26,read,0,0.5,0,0.175,omit,200,0,8:17 9:17
bubbleSort-000,bubbleSort,start-minus-one,budget:0.1,1,6,26,read,0,0.5,0,0.175,omit,200,0,8:17 9:17
bubbleSort-000,bubbleSort,start-minus-one,budget:0.15,1,6,26,read,0,0.5,0,0.175,omit,200,0,8:17 9:17
bubbleSort-000,bubbleSort,start-minus-one,budget:0.2,1,6,26,read,0,0.5,0,0.175,omit,200,0,8:17 9:17
bubbleSort-000,bubbleSort,start-minus-one,budget:0.3,1,6,26,read,0,0.5,0,0.175,omit,200,0,9:17
bubbleSort-000,bubbleSort,start-minus-one,budget:0.35,1,6,26,read,0,0.5,0,0.175,omit,200,0,9:17
bubbleSort-000,bubbleSort,start-minus-one,budget:0.4,1,6,26,read,0,0.5,0,0.175,omit,200,0,9:17
bubbleSort-000,bubbleSort,start-minus-one,budget:0.45,1,6,26,read,0,0.5,0,0.175,omit,200,0,9:17
bubbleSort-004,bubbleSort,lt-to-le,none,1,6,26,read,0,1,0,0.35,omit,184,0,8:17 9:17
bubbleSort-004,bubbleSort,lt-to-le,performance,1,6,26,read,0,1,0,0.35,omit,184,0,8:17 9:17
bubbleSort-004,bubbleSort,lt-to-le,budget:0.25,1,6,26,read,0,1,0,0.35,omit,184,0,8:17 9:17
bubbleSort-004,bubbleSort,lt-to-le,budget:0.5,1,6,26,read,0,1,0,0.35,omit,184,0,9:17
bubbleSort-004,bubbleSort,lt-to-le,threshold:0.65,1,6,26,read,0,1,0,0.35,omit,184,0,8:17 9:17
bubbleSort-004,bubbleSort,lt-to-le,threshold:0.7,1,6,26,read,0,1,0,0.35,omit,184,0,8:17 9:17
bubbleSort-004,bubbleSort,lt-to-le,threshold:0.75,1,6,26,read,0,1,0,0.35,omit,184,0,8:17 9:17
bubbleSort-004,bubbleSort,lt-to-le,threshold:0.8,1,6,26,read,0,1,0,0.35,omit,184,0,8:17 9:17
bubbleSort-004,bubbleSort,lt-to-le,threshold:0.85,1,6,26,read,0,1,0,0.35,omit,184,0,8:17 9:17
bubbleSort-004,bubbleSort,lt-to-le,threshold:0.9,1,6,26,read,0,1,0,0.35,omit,184,0,8:17 9:17
bubbleSort-004,bubbleSort,lt-to-le,threshold:0.95,1,6,26,read,0,1,0,0.35,omit,184,0,8:17 9:17
bubbleSort-004,bubbleSort,lt-to-le,threshold:1,1,6,26,read,0,1,0,0.35,omit,184,0,8:17 9:17
bubbleSort-004,bubbleSort,lt-to-le,budget:0,1,6,26,read,0,1,0,0.35,omit,184,0,8:17 9:17
bubbleSort-004,bubbleSort,lt-to-le,budget:0.05,1,6,26,read,0,1,0,0.35,omit,184,0,8:17 9:17
bubbleSort-004,bubbleSort,lt-to-le,budget:0.1,1,6,26,read,0,1,0,0.35,omit,184,0,8:17 9:17
bubbleSort-004,bubbleSort,lt-to-le,budget:0.15,1,6,26,read,0,1,0,0.35,omit,184,0,8:17 9:17
bubbleSort-004,bubbleSort,lt-to-le,budget:0.2,1,6,26,read,0,1,0,0.35,omit,184,0,8:17 9:17
bubbleSort-004,bubbleSort,lt-to-le,budget:0.3,1,6,26,read,0,1,0,0.35,omit,184,0,9:17
bubbleSort-004,bubbleSort,lt-to-le,budget:0.35,1,6,26,read,0,1,0,0.35,omit,184,0,9:17
bubbleSort-004,bubbleSort,lt-to-le,budget:0.4,1,6,26,read,0,1,0,0.35,omit,184,0,9:17
bubbleSort-004,bubbleSort,lt-to-le,budget:0.45,1,6,26,read,0,1,0,0.35,omit,184,0,9:17
bubbleSort-005,bubbleSort,bound-plus-one,none,1,6,26,read,0,0.5,0,0.175,omit,184,0,8:17 9:17
bubbleSort-005,bubbleSort,bound-plus-one,balanced,1,6,26,read,0,0.5,0,0.175,omit,184,0,8:17 9:17
bubbleSort-005,bubbleSort,bound-plus-one,performance,1,6,26,read,0,0.5,0,0.175,omit,184,0,8:17 9:17
bubbleSort-005,bubbleSort,bound-plus-one,budget:0.25,1,6,26,read,0,0.5,0,0.175,omit,184,0,8:17 9:17
bubbleSort-005,bubbleSort,bound-plus-one,budget:0.5,1,6,26,read,0,0.5,0,0.175,omit,184,0,9:17
bubbleSort-005,bubbleSort,bound-plus-one,threshold:0.45,1,6,26,read,0,0.5,0,0.175,omit,184,0,8:17 9:17
bubbleSort-005,bubbleSort,bound-plus-one,threshold:0.5,1,6,26,read,0,0.5,0,0.175,omit,184,0,8:17 9:17
bubbleSort-005,bubbleSort,bound-plus-one,threshold:0.55,1,6,26,read,0,0.5,0,0.175,omit,184,0,8:17 9:17
bubbleSort-005,bubbleSort,bound-plus-one,threshold:0.6,1,6,26,read,0,0.5,0,0.175,omit,184,0,8:17 9:17
bubbleSort-005,bubbleSort,bound-plus-one,threshold:0.65,1,6,26,read,0,0.5,0,0.175,omit,184,0,8:17 9:17
bubbleSort-005,bubbleSort,bound-plus-one,threshold:0.7,1,6,26,read,0,0.5,0,0.175,omit,184,0,8:17 9:17
bubbleSort-005,bubbleSort,bound-plus-one,threshold:0.75,1,6,26,read,0,0.5,0,0.175,omit,184,0,8:17 9:17
bubbleSort-005,bubbleSort,bound-plus-one,threshold:0.8,1,6,26,read,0,0.5,0,0.175,omit,184,0,8:17 9:17
bubbleSort-005,bubbleSort,bound-plus-one,threshold:0.85,1,6,26,read,0,0.5,0,0.175,omit,184,0,8:17 9:17
bubbleSort-005,bubbleSort,bound-plus-one,threshold:0.9,1,6,26,read,0,0.5,0,0.175,omit,184,0,8:17 9:17
bubbleSort-005,bubbleSort,bound-plus-one,threshold:0.95,1,6,26,read,0,0.5,0,0.175,omit,184,0,8:17 9:17
bubbleSort-005,bubbleSort,bound-plus-one,threshold:1,1,6,26,read,0,0.5,0,0.175,omit,184,0,8:17 9:17
bubbleSort-005,bubbleSort,bound-plus-one,budget:0,1,6,26,read,0,0.5,0,0.175,omit,184,0,8:17 9:17
bubbleSort-005,bubbleSort,bound-plus-one,budget:0.05,1,6,26,read,0,0.5,0,0.175,omit,184,0,8:17 9:17
bubbleSort-005,bubbleSort,bound-plus-one,budget:0.1,1,6,26,read,0,0.5,0,0.175,omit,184,0,8:17 9:17
bubbleSort-005,bubbleSort,bound-plus-one,budget:0.15,1,6,26,read,0,0.5,0,0.175,omit,184,0,8:17 9:17
bubbleSort-005,bubbleSort,bound-plus-one,budget:0.2,1,6,26,read,0,0.5,0,0.175,omit,184,0,8:17 9:17
bubbleSort-005,bubbleSort,bound-plus-one,budget:0.3,1,6,26,read,0,0.5,0,0.175,omit,184,0,9:17
bubbleSort-005,bubbleSort,bound-plus-one,budget:0.35,1,6,26,read,0,0.5,0,0.175,omit,184,0,9:17
bubbleSort-005,bubbleSort,bound-plus-one,budget:0.4,1,6,26,read,0,0.5,0,0.175,omit,184,0,9:17
bubbleSort-005,bubbleSort,bound-plus-one,budget:0.45,1,6,26,read,0,0.5,0,0.175,omit,184,0,9:17
bubbleSort-017,bubbleSort,index-minus-one,none,2,8,17,write,0,1,1,0.6,omit,142,0,8:17 9:17
bubbleSort-017,bubbleSort,index-minus-one,performance,2,8,17,write,0,1,1,0.6,omit,142,0,8:17 9:17
bubbleSort-017,bubbleSort,index-minus-one,budget:0.25,2,8,17,write,0,1,1,0.6,omit,142,0,8:17 9:17
bubbleSort-017,bubbleSort,index-minus-one,threshold:0.65,2,8,17,write,0,1,1,0.6,omit,142,0,8:17 9:17
bubbleSort-017,bubbleSort,index-minus-one,threshold:0.7,2,8,17,write,0,1,1,0.6,omit,142,0,8:17 9:17
bubbleSort-017,bubbleSort,index-minus-one,threshold:0.75,2,8,17,write,0,1,1,0.6,omit,142,0,8:17 9:17
bubbleSort-017,bubbleSort,index-minus-one,threshold:0.8,2,8,17,write,0,1,1,0.6,omit,142,0,8:17 9:17
bubbleSort-017,bubbleSort,index-minus-one,threshold:0.85,2,8,17,write,0,1,1,0.6,omit,142,0,8:17 9:17
bubbleSort-017,bubbleSort,index-minus-one,threshold:0.9,2,8,17,write,0,1,1,0.6,omit,142,0,8:17 9:17
bubbleSort-017,bubbleSort,index-minus-one,threshold:0.95,2,8,17,write,0,1,1,0.6,omit,142,0,8:17 9:17
bubbleSort-017,bubbleSort,index-minus-one,threshold:1,2,8,17,write,0,1,1,0.6,omit,142,0,8:17 9:17
bubbleSort-017,bubbleSort,index-minus-one,budget:0,2,8,17,write,0,1,1,0.6,omit,142,0,8:17 9:17
bubbleSort-017,bubbleSort,index-minus-one,budget:0.05,2,8,17,write,0,1,1,0.6,omit,142,0,8:17 9:17
bubbleSort-017,bubbleSort,index-minus-one,budget:0.1,2,8,17,write,0,1,1,0.6,omit,142,0,8:17 9:17
bubbleSort-017,bubbleSort,index-minus-one,budget:0.15,2,8,17,write,0,1,1,0.6,omit,142,0,8:17 9:17
bubbleSort-017,bubbleSort,index-minus-one,budget:0.2,2,8,17,write,0,1,1,0.6,omit,142,0,8:17 9:17
bubbleSort-018,bubbleSort,swap-index-var,none,2,8,17,write,1,1,1,1,omit,174,0,8:17 9:17
bubbleSort-018,bubbleSort,swap-index-var,budget:0.25,2,8,17,write,1,1,1,1,omit,174,0,8:17 9:17
bubbleSort-018,bubbleSort,swap-index-var,budget:0,2,8,17,write,1,1,1,1,omit,174,0,8:17 9:17
bubbleSort-018,bubbleSort,swap-index-var,budget:0.05,2,8,17,write,1,1,1,1,omit,174,0,8:17 9:17
bubbleSort-018,bubbleSort,swap-index-var,budget:0.1,2,8,17,write,1,1,1,1,omit,174,0,8:17 9:17
bubbleSort-018,bubbleSort,swap-index-var,budget:0.15,2,8,17,write,1,1,1,1,omit,174,0,8:17 9:17
bubbleSort-018,bubbleSort,swap-index-var,budget:0.2,2,8,17,write,1,1,1,1,omit,174,0,8:17 9:17
bubbleSort-020,bubbleSort,swap-index-var,none,2,8,17,write,1,1,1,1,omit,17,9,8:17 9:17
bubbleSort-020,bubbleSort,swap-index-var,budget:0.25,2,8,17,write,1,1,1,1,omit,17,9,8:17 9:17
bubbleSort-020,bubbleSort,swap-index-var,budget:0,2,8,17,write,1,1,1,1,omit,17,9,8:17 9:17
bubbleSort-020,bubbleSort,swap-index-var,budget:0.05,2,8,17,write,1,1,1,1,omit,17,9,8:17 9:17
bubbleSort-020,bubbleSort,swap-index-var,budget:0.1,2,8,17,write,1,1,1,1,omit,17,9,8:17 9:17
bubbleSort-020,bubbleSort,swap-index-var,budget:0.15,2,8,17,write,1,1,1,1,omit,17,9,8:17 9:17
bubbleSort-020,bubbleSort,swap-index-var,budget:0.2,2,8,17,write,1,1,1,1,omit,17,9,8:17 9:17
bubbleSort-021,bubbleSort,swap-index-var,none,2,8,17,write,1,1,1,1,omit,65,2,8:17 9:17
bubbleSort-021,bubbleSort,swap-index-var,budget:0.25,2,8,17,write,1,1,1,1,omit,63,2,8:17 9:17
bubbleSort-021,bubbleSort,swap-index-var,budget:0,2,8,17,write,1,1,1,1,omit,65,2,8:17 9:17
bubbleSort-021,bubbleSort,swap-index-var,budget:0.05,2,8,17,write,1,1,1,1,omit,63,2,8:17 9:17
bubbleSort-021,bubbleSort,swap-index-var,budget:0.1,2,8,17,write,1,1,1,1,omit,63,2,8:17 9:17
bubbleSort-021,bubbleSort,swap-index-var,budget:0.15,2,8,17,write,1,1,1,1,omit,63,2,8:17 9:17
bubbleSort-021,bubbleSort,swap-index-var,budget:0.2,2,8,17,write,1,1,1,1,omit,63,2,8:17 9:17
bubbleSort-023,bubbleSort,index-plus-one,none,3,9,17,write,0,1,1,0.6,omit,68,2,8:17 9:17
bubbleSort-023,bubbleSort,index-plus-one,performance,3,9,17,write,0,1,1,0.6,omit,68,2,8:17 9:17
bubbleSort-023,bubbleSort,index-plus-one,budget:0.25,3,9,17,write,0,1,1,0.6,omit,68,2,8:17 9:17
bubbleSort-023,bubbleSort,index-plus-one,threshold:0.65,3,9,17,write,0,1,1,0.6,omit,68,2,8:17 9:17
bubbleSort-023,bubbleSort,index-plus-one,threshold:0.7,3,9,17,write,0,1,1,0.6,omit,68,2,8:17 9:17
bubbleSort-023,bubbleSort,index-plus-one,threshold:0.75,3,9,17,write,0,1,1,0.6,omit,68,2,8:17 9:17
bubbleSort-023,bubbleSort,index-plus-one,threshold:0.8,3,9,17,write,0,1,1,0.6,omit,68,2,8:17 9:17
bubbleSort-023,bubbleSort,index-plus-one,threshold:0.85,3,9,17,write,0,1,1,0.6,omit,68,2,8:17 9:17
bubbleSort-023,bubbleSort,index-plus-one,threshold:0.9,3,9,17,write,0,1,1,0.6,omit,68,2,8:17 9:17
bubbleSort-023,bubbleSort,index-plus-one,threshold:0.95,3,9,17,write,0,1,1,0.6,omit,68,2,8:17 9:17
bubbleSort-023,bubbleSort,index-plus-one,threshold:1,3,9,17,write,0,1,1,0.6,omit,68,2,8:17 9:17
bubbleSort-023,bubbleSort,index-plus-one,budget:0,3,9,17,write,0,1,1,0.6,omit,68,2,8:17 9:17
bubbleSort-023,bubbleSort,index-plus-one,budget:0.05,3,9,17,write,0,1,1,0.6,omit,68,2,8:17 9:17
bubbleSort-023,bubbleSort,index-plus-one,budget:0.1,3,9,17,write,0,1,1,0.6,omit,68,2,8:17 9:17
bubbleSort-023,bubbleSort,index-plus-one,budget:0.15,3,9,17,write,0,1,1,0.6,omit,68,2,8:17 9:17
bubbleSort-023,bubbleSort,index-plus-one,budget:0.2,3,9,17,write,0,1,1,0.6,omit,68,2,8:17 9:17
bubbleSort-025,bubbleSort,swap-index-var,none,3,9,17,write,1,1,1,1,omit,174,0,8:17 9:17
bubbleSort-025,bubbleSort,swap-index-var,budget:0.25,3,9,17,write,1,1,1,1,omit,174,0,8:17 9:17
bubbleSort-025,bubbleSort,swap-index-var,budget:0,3,9,17,write,1,1,1,1,omit,174,0,8:17 9:17
bubbleSort-025,bubbleSort,swap-index-var,budget:0.05,3,9,17,write,1,1,1,1,omit,174,0,8:17 9:17
bubbleSort-025,bubbleSort,swap-index-var,budget:0.1,3,9,17,write,1,1,1,1,omit,174,0,8:17 9:17
bubbleSort-025,bubbleSort,swap-index-var,budget:0.15,3,9,17,write,1,1,1,1,omit,174,0,8:17 9:17
bubbleSort-025,bubbleSort,swap-index-var,budget:0.2,3,9,17,write,1,1,1,1,omit,174,0,8:17 9:17
bubbleSort-027,bubbleSort,swap-index-var,none,3,9,17,write,1,1,1,1,omit,72,2,8:17 9:17
bubbleSort-027,bubbleSort,swap-index-var,budget:0.25,3,9,17,write,1,1,1,1,omit,68,2,8:17 9:17
bubbleSort-027,bubbleSort,swap-index-var,budget:0,3,9,17,write,1,1,1,1,omit,72,2,8:17 9:17
bubbleSort-027,bubbleSort,swap-index-var,budget:0.05,3,9,17,write,1,1,1,1,omit,68,2,8:17 9:17
bubbleSort-027,bubbleSort,swap-index-var,budget:0.1,3,9,17,write,1,1,1,1,omit,68,2,8:17 9:17
bubbleSort-027,bubbleSort,swap-index-var,budget:0.15,3,9,17,write,1,1,1,1,omit,68,2,8:17 9:17
bubbleSort-027,bubbleSort,swap-index-var,budget:0.2,3,9,17,write,1,1,1,1,omit,68,2,8:17 9:17
bubbleSort-028,bubbleSort,swap-index-var,none,3,9,17,write,1,1,1,1,omit,45,2,8:17 9:17
bubbleSort-028,bubbleSort,swap-index-var,budget:0.25,3,9,17,write,1,1,1,1,omit,44,2,8:17 9:17
bubbleSort-028,bubbleSort,swap-index-var,budget:0,3,9,17,write,1,1,1,1,omit,45,2,8:17 9:17
bubbleSort-028,bubbleSort,swap-index-var,budget:0.05,3,9,17,write,1,1,1,1,omit,44,2,8:17 9:17
bubbleSort-028,bubbleSort,swap-index-var,budget:0.1,3,9,17,write,1,1,1,1,omit,44,2,8:17 9:17
bubbleSort-028,bubbleSort,swap-index-var,budget:0.15,3,9,17,write,1,1,1,1,omit,44,2,8:17 9:17
bubbleSort-028,bubbleSort,swap-index-var,budget:0.2,3,9,17,write,1,1,1,1,omit,44,2,8:17 9:17
bubbleSort-029,bubbleSort,write-index-external,none,3,9,17,write,1,1,1,1,omit,174,0,8:17 9:17
bubbleSort-029,bubbleSort,write-index-external,budget:0.25,3,9,17,write,1,1,1,1,omit,174,0,8:17 9:17
bubbleSort-029,bubbleSort,write-index-external,budget:0,3,9,17,write,1,1,1,1,omit,174,0,8:17 9:17
bubbleSort-029,bubbleSort,write-index-external,budget:0.05,3,9,17,write,1,1,1,1,omit,174,0,8:17 9:17
bubbleSort-029,bubbleSort,write-index-external,budget:0.1,3,9,17,write,1,1,1,1,omit,174,0,8:17 9:17
bubbleSort-029,bubbleSort,write-index-external,budget:0.15,3,9,17,write,1,1,1,1,omit,174,0,8:17 9:17
bubbleSort-029,bubbleSort,write-index-external,budget:0.2,3,9,17,write,1,1,1,1,omit,174,0,8:17 9:17
insertionSort-000,insertionSort,lt-to-le,none,0,4,24,read,0,1,0,0.35,omit,200,0,13:21 20:9
insertionSort-000,insertionSort,lt-to-le,performance,0,4,24,read,0,1,0,0.35,omit,200,0,13:21 20:9
insertionSort-000,insertionSort,lt-to-le,threshold:0.65,0,4,24,read,0,1,0,0.35,omit,200,0,13:21 20:9
insertionSort-000,insertionSort,lt-to-le,threshold:0.7,0,4,24,read,0,1,0,0.35,omit,200,0,13:21 20:9
insertionSort-000,insertionSort,lt-to-le,threshold:0.75,0,4,24,read,0,1,0,0.35,omit,200,0,13:21 20:9
insertionSort-000,insertionSort,lt-to-le,threshold:0.8,0,4,24,read,0,1,0,0.35,omit,200,0,13:21 20:9
insertionSort-000,insertionSort,lt-to-le,threshold:0.85,0,4,24,read,0,1,0,0.35,omit,200,0,13:21 20:9
insertionSort-000,insertionSort,lt-to-le,threshold:0.9,0,4,24,read,0,1,0,0.35,omit,200,0,13:21 20:9
insertionSort-000,insertionSort,lt-to-le,threshold:0.95,0,4,24,read,0,1,0,0.35,omit,200,0,13:21 20:9
insertionSort-000,insertionSort,lt-to-le,threshold:1,0,4,24,read,0,1,0,0.35,omit,200,0,13:21 20:9
insertionSort-000,insertionSort,lt-to-le,budget:0,0,4,24,read,0,1,0,0.35,omit,200,0,13:21 20:9
insertionSort-000,insertionSort,lt-to-le,budget:0.05,0,4,24,read,0,1,0,0.35,omit,200,0,13:21
insertionSort-001,insertionSort,bound-plus-one,none,0,4,24,read,0,0.5,0,0.175,omit,200,0,13:21 20:9
insertionSort-001,insertionSort,bound-plus-one,balanced,0,4,24,read,0,0.5,0,0.175,omit,200,0,13:21 20:9
insertionSort-001,insertionSort,bound-plus-one,performance,0,4,24,read,0,0.5,0,0.175,omit,200,0,13:21 20:9
insertionSort-001,insertionSort,bound-plus-one,threshold:0.45,0,4,24,read,0,0.5,0,0.175,omit,200,0,13:21 20:9
insertionSort-001,insertionSort,bound-plus-one,threshold:0.5,0,4,24,read,0,0.5,0,0.175,omit,200,0,13:21 20:9
insertionSort-001,insertionSort,bound-plus-one,threshold:0.55,0,4,24,read,0,0.5,0,0.175,omit,200,0,13:21 20:9
insertionSort-001,insertionSort,bound-plus-one,threshold:0.6,0,4,24,read,0,0.5,0,0.175,omit,200,0,13:21 20:9
insertionSort-001,insertionSort,bound-plus-one,threshold:0.65,0,4,24,read,0,0.5,0,0.175,omit,200,0,13:21 20:9
insertionSort-001,insertionSort,bound-plus-one,threshold:0.7,0,4,24,read,0,0.5,0,0.175,omit,200,0,13:21 20:9
insertionSort-001,insertionSort,bound-plus-one,threshold:0.75,0,4,24,read,0,0.5,0,0.175,omit,200,0,13:21 20:9
insertionSort-001,insertionSort,bound-plus-one,threshold:0.8,0,4,24,read,0,0.5,0,0.175,omit,200,0,13:21 20:9
insertionSort-001,insertionSort,bound-plus-one,threshold:0.85,0,4,24,read,0,0.5,0,0.175,omit,200,0,13:21 20:9
insertionSort-001,insertionSort,bound-plus-one,threshold:0.9,0,4,24,read,0,0.5,0,0.175,omit,200,0,13:21 20:9
insertionSort-001,insertionSort,bound-plus-one,threshold:0.95,0,4,24,read,0,0.5,0,0.175,omit,200,0,13:21 20:9
insertionSort-001,insertionSort,bound-plus-one,threshold:1,0,4,24,read,0,0.5,0,0.175,omit,200,0,13:21 20:9
insertionSort-001,insertionSort,bound-plus-one,budget:0,0,4,24,read,0,0.5,0,0.175,omit,200,0,13:21 20:9
insertionSort-001,insertionSort,bound-plus-one,budget:0.05,0,4,24,read,0,0.5,0,0.175,omit,200,0,13:21
insertionSort-012,insertionSort,index-plus-one,none,2,13,21,write,0,0.5,1,0.425,omit,89,2,13:21 20:9
insertionSort-012,insertionSort,index-plus-one,balanced,2,13,21,write,0,0.5,1,0.425,omit,89,2,13:21 20:9
insertionSort-012,insertionSort,index-plus-one,performance,2,13,21,write,0,0.5,1,0.425,omit,89,2,13:21 20:9
insertionSort-012,insertionSort,index-plus-one,budget:0.25,2,13,21,write,0,0.5,1,0.425,omit,89,2,13:21
insertionSort-012,insertionSort,index-plus-one,budget:0.5,2,13,21,write,0,0.5,1,0.425,omit,89,2,13:21
insertionSort-012,insertionSort,index-plus-one,threshold:0.45,2,13,21,write,0,0.5,1,0.425,omit,89,2,13:21 20:9
insertionSort-012,insertionSort,index-plus-one,threshold:0.5,2,13,21,write,0,0.5,1,0.425,omit,89,2,13:21 20:9
insertionSort-012,insertionSort,index-plus-one,threshold:0.55,2,13,21,write,0,0.5,1,0.425,omit,89,2,13:21 20:9
insertionSort-012,insertionSort,index-plus-one,threshold:0.6,2,13,21,write,0,0.5,1,0.425,omit,89,2,13:21 20:9
insertionSort-012,insertionSort,index-plus-one,threshold:0.65,2,13,21,write,0,0.5,1,0.425,omit,89,2,13:21 20:9
insertionSort-012,insertionSort,index-plus-one,threshold:0.7,2,13,21,write,0,0.5,1,0.425,omit,89,2,13:21 20:9
insertionSort-012,insertionSort,index-plus-one,threshold:0.75,2,13,21,write,0,0.5,1,0.425,omit,89,2,13:21 20:9
insertionSort-012,insertionSort,index-plus-one,threshold:0.8,2,13,21,write,0,0.5,1,0.425,omit,89,2,13:21 20:9
insertionSort-012,insertionSort,index-plus-one,threshold:0.85,2,13,21,write,0,0.5,1,0.425,omit,89,2,13:21 20:9
insertionSort-012,insertionSort,index-plus-one,threshold:0.9,2,13,21,write,0,0.5,1,0.425,omit,89,2,13:21 20:9
insertionSort-012,insertionSort,index-plus-one,threshold:0.95,2,13,21,write,0,0.5,1,0.425,omit,89,2,13:21 20:9
insertionSort-012,insertionSort,index-plus-one,threshold:1,2,13,21,write,0,0.5,1,0.425,omit,89,2,13:21 20:9
insertionSort-012,insertionSort,index-plus-one,budget:0,2,13,21,write,0,0.5,1,0.425,omit,89,2,13:21 20:9
insertionSort-012,insertionSort,index-plus-one,budget:0.05,2,13,21,write,0,0.5,1,0.425,omit,89,2,13:21
insertionSort-012,insertionSort,index-plus-one,budget:0.1,2,13,21,write,0,0.5,1,0.425,omit,89,2,13:21
insertionSort-012,insertionSort,index-plus-one,budget:0.15,2,13,21,write,0,0.5,1,0.425,omit,89,2,13:21
insertionSort-012,insertionSort,index-plus-one,budget:0.2,2,13,21,write,0,0.5,1,0.425,omit,89,2,13:21
insertionSort-012,insertionSort,index-plus-one,budget:0.3,2,13,21,write,0,0.5,1,0.425,omit,89,2,13:21
insertionSort-012,insertionSort,index-plus-one,budget:0.35,2,13,21,write,0,0.5,1,0.425,omit,89,2,13:21
insertionSort-012,insertionSort,index-plus-one,budget:0.4,2,13,21,write,0,0.5,1,0.425,omit,89,2,13:21
insertionSort-012,insertionSort,index-plus-one,budget:0.45,2,13,21,write,0,0.5,1,0.425,omit,89,2,13:21
insertionSort-014,insertionSort,swap-index-var,none,2,13,21,write,1,1,1,1,omit,178,0,13:21 20:9
insertionSort-014,insertionSort,swap-index-var,budget:0.25,2,13,21,write,1,1,1,1,omit,178,0,13:21
insertionSort-014,insertionSort,swap-index-var,budget:0.5,2,13,21,write,1,1,1,1,omit,178,0,13:21
insertionSort-014,insertionSort,swap-index-var,budget:0,2,13,21,write,1,1,1,1,omit,178,0,13:21 20:9
insertionSort-014,insertionSort,swap-index-var,budget:0.05,2,13,21,write,1,1,1,1,omit,178,0,13:21
insertionSort-014,insertionSort,swap-index-var,budget:0.1,2,13,21,write,1,1,1,1,omit,178,0,13:21
insertionSort-014,insertionSort,swap-index-var,budget:0.15,2,13,21,write,1,1,1,1,omit,178,0,13:21
insertionSort-014,insertionSort,swap-index-var,budget:0.2,2,13,21,write,1,1,1,1,omit,178,0,13:21
insertionSort-014,insertionSort,swap-index-var,budget:0.3,2,13,21,write,1,1,1,1,omit,178,0,13:21
insertionSort-014,insertionSort,swap-index-var,budget:0.35,2,13,21,write,1,1,1,1,omit,178,0,13:21
insertionSort-014,insertionSort,swap-index-var,budget:0.4,2,13,21,write,1,1,1,1,omit,178,0,13:21
insertionSort-014,insertionSort,swap-index-var,budget:0.45,2,13,21,write,1,1,1,1,omit,178,0,13:21
insertionSort-015,insertionSort,swap-index-var,none,2,13,21,write,0,0.5,1,0.425,omit,78,2,13:21 20:9
insertionSort-015,insertionSort,swap-index-var,balanced,2,13,21,write,0,0.5,1,0.425,omit,78,2,13:21 20:9
insertionSort-015,insertionSort,swap-index-var,performance,2,13,21,write,0,0.5,1,0.425,omit,78,2,13:21 20:9
insertionSort-015,insertionSort,swap-index-var,budget:0.25,2,13,21,write,0,0.5,1,0.425,omit,78,2,13:21
insertionSort-015,insertionSort,swap-index-var,budget:0.5,2,13,21,write,0,0.5,1,0.425,omit,78,2,13:21
insertionSort-015,insertionSort,swap-index-var,threshold:0.45,2,13,21,write,0,0.5,1,0.425,omit,78,2,13:21 20:9
insertionSort-015,insertionSort,swap-index-var,threshold:0.5,2,13,21,write,0,0.5,1,0.425,omit,78,2,13:21 20:9
insertionSort-015,insertionSort,swap-index-var,threshold:0.55,2,13,21,write,0,0.5,1,0.425,omit,78,2,13:21 20:9
insertionSort-015,insertionSort,swap-index-var,threshold:0.6,2,13,21,write,0,0.5,1,0.425,omit,78,2,13:21 20:9
insertionSort-015,insertionSort,swap-index-var,threshold:0.65,2,13,21,write,0,0.5,1,0.425,omit,78,2,13:21 20:9
insertionSort-015,insertionSort,swap-index-var,threshold:0.7,2,13,21,write,0,0.5,1,0.425,omit,78,2,13:21 20:9
insertionSort-015,insertionSort,swap-index-var,threshold:0.75,2,13,21,write,0,0.5,1,0.425,omit,78,2,13:21 20:9
insertionSort-015,insertionSort,swap-index-var,threshold:0.8,2,13,21,write,0,0.5,1,0.425,omit,78,2,13:21 20:9
insertionSort-015,insertionSort,swap-index-var,threshold:0.85,2,13,21,write,0,0.5,1,0.425,omit,78,2,13:21 20:9
insertionSort-015,insertionSort,swap-index-var,threshold:0.9,2,13,21,write,0,0.5,1,0.425,omit,78,2,13:21 20:9
insertionSort-015,insertionSort,swap-index-var,threshold:0.95,2,13,21,write,0,0.5,1,0.425,omit,78,2,13:21 20:9
insertionSort-015,insertionSort,swap-index-var,threshold:1,2,13,21,write,0,0.5,1,0.425,omit,78,2,13:21 20:9
insertionSort-015,insertionSort,swap-index-var,budget:0,2,13,21,write,0,0.5,1,0.425,omit,78,2,13:21 20:9
insertionSort-015,insertionSort,swap-index-var,budget:0.05,2,13,21,write,0,0.5,1,0.425,omit,78,2,13:21
insertionSort-015,insertionSort,swap-index-var,budget:0.1,2,13,21,write,0,0.5,1,0.425,omit,78,2,13:21
insertionSort-015,insertionSort,swap-index-var,budget:0.15,2,13,21,write,0,0.5,1,0.425,omit,78,2,13:21
insertionSort-015,insertionSort,swap-index-var,budget:0.2,2,13,21,write,0,0.5,1,0.425,omit,78,2,13:21
insertionSort-015,insertionSort,swap-index-var,budget:0.3,2,13,21,write,0,0.5,1,0.425,omit,78,2,13:21
insertionSort-015,insertionSort,swap-index-var,budget:0.35,2,13,21,write,0,0.5,1,0.425,omit,78,2,13:21
insertionSort-015,insertionSort,swap-index-var,budget:0.4,2,13,21,write,0,0.5,1,0.425,omit,78,2,13:21
insertionSort-015,insertionSort,swap-index-var,budget:0.45,2,13,21,write,0,0.5,1,0.425,omit,78,2,13:21
insertionSort-016,insertionSort,swap-index-var,none,2,13,21,write,1,1,1,1,omit,43,5,13:21 20:9
insertionSort-016,insertionSort,swap-index-var,budget:0.25,2,13,21,write,1,1,1,1,omit,39,5,13:21
insertionSort-016,insertionSort,swap-index-var,budget:0.5,2,13,21,write,1,1,1,1,omit,39,5,13:21
insertionSort-016,insertionSort,swap-index-var,budget:0,2,13,21,write,1,1,1,1,omit,43,5,13:21 20:9
insertionSort-016,insertionSort,swap-index-var,budget:0.05,2,13,21,write,1,1,1,1,omit,39,5,13:21
insertionSort-016,insertionSort,swap-index-var,budget:0.1,2,13,21,write,1,1,1,1,omit,39,5,13:21
insertionSort-016,insertionSort,swap-index-var,budget:0.15,2,13,21,write,1,1,1,1,omit,39,5,13:21
insertionSort-016,insertionSort,swap-index-var,budget:0.2,2,13,21,write,1,1,1,1,omit,39,5,13:21
insertionSort-016,insertionSort,swap-index-var,budget:0.3,2,13,21,write,1,1,1,1,omit,39,5,13:21
insertionSort-016,insertionSort,swap-index-var,budget:0.35,2,13,21,write,1,1,1,1,omit,39,5,13:21
insertionSort-016,insertionSort,swap-index-var,budget:0.4,2,13,21,write,1,1,1,1,omit,39,5,13:21
insertionSort-016,insertionSort,swap-index-var,budget:0.45,2,13,21,write,1,1,1,1,omit,39,5,13:21
insertionSort-017,insertionSort,swap-index-var,none,2,13,21,write,1,1,1,1,omit,64,3,13:21 20:9
insertionSort-017,insertionSort,swap-index-var,budget:0.25,2,13,21,write,1,1,1,1,omit,56,3,13:21
insertionSort-017,insertionSort,swap-index-var,budget:0.5,2,13,21,write,1,1,1,1,omit,56,3,13:21
insertionSort-017,insertionSort,swap-index-var,budget:0,2,13,21,write,1,1,1,1,omit,64,3,13:21 20:9
insertionSort-017,insertionSort,swap-index-var,budget:0.05,2,13,21,write,1,1,1,1,omit,56,3,13:21
insertionSort-017,insertionSort,swap-index-var,budget:0.1,2,13,21,write,1,1,1,1,omit,56,3,13:21
insertionSort-017,insertionSort,swap-index-var,budget:0.15,2,13,21,write,1,1,1,1,omit,56,3,13:21
insertionSort-017,insertionSort,swap-index-var,budget:0.2,2,13,21,write,1,1,1,1,omit,56,3,13:21
insertionSort-017,insertionSort,swap-index-var,budget:0.3,2,13,21,write,1,1,1,1,omit,56,3,13:21
insertionSort-017,insertionSort,swap-index-var,budget:0.35,2,13,21,write,1,1,1,1,omit,56,3,13:21
insertionSort-017,insertionSort,swap-index-var,budget:0.4,2,13,21,write,1,1,1,1,omit,56,3,13:21
insertionSort-017,insertionSort,swap-index-var,budget:0.45,2,13,21,write,1,1,1,1,omit,56,3,13:21
insertionSort-018,insertionSort,write-index-external,none,2,13,21,write,1,0.5,1,0.825,omit,178,0,13:21 20:9
insertionSort-018,insertionSort,write-index-external,budget:0.25,2,13,21,write,1,0.5,1,0.825,omit,178,0,13:21
insertionSort-018,insertionSort,write-index-external,budget:0.5,2,13,21,write,1,0.5,1,0.825,omit,178,0,13:21
insertionSort-018,insertionSort,write-index-external,threshold:0.85,2,13,21,write,1,0.5,1,0.825,omit,178,0,13:21 20:9
insertionSort-018,insertionSort,write-index-external,threshold:0.9,2,13,21,write,1,0.5,1,0.825,omit,178,0,13:21 20:9
insertionSort-018,insertionSort,write-index-external,threshold:0.95,2,13,21,write,1,0.5,1,0.825,omit,178,0,13:21 20:9
insertionSort-018,insertionSort,write-index-external,threshold:1,2,13,21,write,1,0.5,1,0.825,omit,178,0,13:21 20:9
insertionSort-018,insertionSort,write-index-external,budget:0,2,13,21,write,1,0.5,1,0.825,omit,178,0,13:21 20:9
insertionSort-018,insertionSort,write-index-external,budget:0.05,2,13,21,write,1,0.5,1,0.825,omit,178,0,13:21
insertionSort-018,insertionSort,write-index-external,budget:0.1,2,13,21,write,1,0.5,1,0.825,omit,178,0,13:21
insertionSort-018,insertionSort,write-index-external,budget:0.15,2,13,21,write,1,0.5,1,0.825,omit,178,0,13:21
insertionSort-018,insertionSort,write-index-external,budget:0.2,2,13,21,write,1,0.5,1,0.825,omit,178,0,13:21
insertionSort-018,insertionSort,write-index-external,budget:0.3,2,13,21,write,1,0.5,1,0.825,omit,178,0,13:21
insertionSort-018,insertionSort,write-index-external,budget:0.35,2,13,21,write,1,0.5,1,0.825,omit,178,0,13:21
insertionSort-018,insertionSort,write-index-external,budget:0.4,2,13,21,write,1,0.5,1,0.825,omit,178,0,13:21
insertionSort-018,insertionSort,write-index-external,budget:0.45,2,13,21,write,1,0.5,1,0.825,omit,178,0,13:21
insertionSort-019,insertionSort,index-plus-one,none,3,20,9,write,0,0.5,1,0.425,omit,173,0,13:21 20:9
insertionSort-019,insertionSort,index-plus-one,balanced,3,20,9,write,0,0.5,1,0.425,omit,173,0,13:21 20:9
insertionSort-019,insertionSort,index-plus-one,performance,3,20,9,write,0,0.5,1,0.425,omit,173,0,13:21 20:9
insertionSort-019,insertionSort,index-plus-one,threshold:0.45,3,20,9,write,0,0.5,1,0.425,omit,173,0,13:21 20:9
insertionSort-019,insertionSort,index-plus-one,threshold:0.5,3,20,9,write,0,0.5,1,0.425,omit,173,0,13:21 20:9
insertionSort-019,insertionSort,index-plus-one,threshold:0.55,3,20,9,write,0,0.5,1,0.425,omit,173,0,13:21 20:9
insertionSort-019,insertionSort,index-plus-one,threshold:0.6,3,20,9,write,0,0.5,1,0.425,omit,173,0,13:21 20:9
insertionSort-019,insertionSort,index-plus-one,threshold:0.65,3,20,9,write,0,0.5,1,0.425,omit,173,0,13:21 20:9
insertionSort-019,insertionSort,index-plus-one,threshold:0.7,3,20,9,write,0,0.5,1,0.425,omit,173,0,13:21 20:9
insertionSort-019,insertionSort,index-plus-one,threshold:0.75,3,20,9,write,0,0.5,1,0.425,omit,173,0,13:21 20:9
insertionSort-019,insertionSort,index-plus-one,threshold:0.8,3,20,9,write,0,0.5,1,0.425,omit,173,0,13:21 20:9
insertionSort-019,insertionSort,index-plus-one,threshold:0.85,3,20,9,write,0,0.5,1,0.425,omit,173,0,13:21 20:9
insertionSort-019,insertionSort,index-plus-one,threshold:0.9,3,20,9,write,0,0.5,1,0.425,omit,173,0,13:21 20:9
insertionSort-019,insertionSort,index-plus-one,threshold:0.95,3,20,9,write,0,0.5,1,0.425,omit,173,0,13:21 20:9
insertionSort-019,insertionSort,index-plus-one,threshold:1,3,20,9,write,0,0.5,1,0.425,omit,173,0,13:21 20:9
insertionSort-019,insertionSort,index-plus-one,budget:0,3,20,9,write,0,0.5,1,0.425,omit,173,0,13:21 20:9
insertionSort-020,insertionSort,index-minus-one,none,3,20,9,write,0,1,1,0.6,omit,177,0,13:21 20:9
insertionSort-020,insertionSort,index-minus-one,performance,3,20,9,write,0,1,1,0.6,omit,177,0,13:21 20:9
insertionSort-020,insertionSort,index-minus-one,threshold:0.65,3,20,9,write,0,1,1,0.6,omit,177,0,13:21 20:9
insertionSort-020,insertionSort,index-minus-one,threshold:0.7,3,20,9,write,0,1,1,0.6,omit,177,0,13:21 20:9
insertionSort-020,insertionSort,index-minus-one,threshold:0.75,3,20,9,write,0,1,1,0.6,omit,177,0,13:21 20:9
insertionSort-020,insertionSort,index-minus-one,threshold:0.8,3,20,9,write,0,1,1,0.6,omit,177,0,13:21 20:9
insertionSort-020,insertionSort,index-minus-one,threshold:0.85,3,20,9,write,0,1,1,0.6,omit,177,0,13:21 20:9
insertionSort-020,insertionSort,index-minus-one,threshold:0.9,3,20,9,write,0,1,1,0.6,omit,177,0,13:21 20:9
insertionSort-020,insertionSort,index-minus-one,threshold:0.95,3,20,9,write,0,1,1,0.6,omit,177,0,13:21 20:9
insertionSort-020,insertionSort,index-minus-one,threshold:1,3,20,9,write,0,1,1,0.6,omit,177,0,13:21 20:9
insertionSort-020,insertionSort,index-minus-one,budget:0,3,20,9,write,0,1,1,0.6,omit,177,0,13:21 20:9
insertionSort-021,insertionSort,swap-index-var,none,3,20,9,write,1,1,1,1,omit,187,0,13:21 20:9
insertionSort-021,insertionSort,swap-index-var,budget:0,3,20,9,write,1,1,1,1,omit,187,0,13:21 20:9
insertionSort-022,insertionSort,swap-index-var,none,3,20,9,write,0,0.5,1,0.425,omit,187,0,13:21 20:9
insertionSort-022,insertionSort,swap-index-var,balanced,3,20,9,write,0,0.5,1,0.425,omit,187,0,13:21 20:9
insertionSort-022,insertionSort,swap-index-var,performance,3,20,9,write,0,0.5,1,0.425,omit,187,0,13:21 20:9
insertionSort-022,insertionSort,swap-index-var,threshold:0.45,3,20,9,write,0,0.5,1,0.425,omit,187,0,13:21 20:9
insertionSort-022,insertionSort,swap-index-var,threshold:0.5,3,20,9,write,0,0.5,1,0.425,omit,187,0,13:21 20:9
insertionSort-022,insertionSort,swap-index-var,threshold:0.55,3,20,9,write,0,0.5,1,0.425,omit,187,0,13:21 20:9
insertionSort-022,insertionSort,swap-index-var,threshold:0.6,3,20,9,write,0,0.5,1,0.425,omit,187,0,13:21 20:9
insertionSort-022,insertionSort,swap-index-var,threshold:0.65,3,20,9,write,0,0.5,1,0.425,omit,187,0,13:21 20:9
insertionSort-022,insertionSort,swap-index-var,threshold:0.7,3,20,9,write,0,0.5,1,0.425,omit,187,0,13:21 20:9
insertionSort-022,insertionSort,swap-index-var,threshold:0.75,3,20,9,write,0,0.5,1,0.425,omit,187,0,13:21 20:9
insertionSort-022,insertionSort,swap-index-var,threshold:0.8,3,20,9,write,0,0.5,1,0.425,omit,187,0,13:21 20:9
insertionSort-022,insertionSort,swap-index-var,threshold:0.85,3,20,9,write,0,0.5,1,0.425,omit,187,0,13:21 20:9
insertionSort-022,insertionSort,swap-index-var,threshold:0.9,3,20,9,write,0,0.5,1,0.425,omit,187,0,13:21 20:9
insertionSort-022,insertionSort,swap-index-var,threshold:0.95,3,20,9,write,0,0.5,1,0.425,omit,187,0,13:21 20:9
insertionSort-022,insertionSort,swap-index-var,threshold:1,3,20,9,write,0,0.5,1,0.425,omit,187,0,13:21 20:9
insertionSort-022,insertionSort,swap-index-var,budget:0,3,20,9,write,0,0.5,1,0.425,omit,187,0,13:21 20:9
insertionSort-023,insertionSort,swap-index-var,none,3,20,9,write,1,1,1,1,omit,68,3,13:21 20:9
insertionSort-023,insertionSort,swap-index-var,budget:0,3,20,9,write,1,1,1,1,omit,68,3,13:21 20:9
insertionSort-024,insertionSort,write-index-external,none,3,20,9,write,1,0.5,1,0.825,omit,187,0,13:21 20:9
insertionSort-024,insertionSort,write-index-external,threshold:0.85,3,20,9,write,1,0.5,1,0.825,omit,187,0,13:21 20:9
insertionSort-024,insertionSort,write-index-external,threshold:0.9,3,20,9,write,1,0.5,1,0.825,omit,187,0,13:21 20:9
insertionSort-024,insertionSort,write-index-external,threshold:0.95,3,20,9,write,1,0.5,1,0.825,omit,187,0,13:21 20:9
insertionSort-024,insertionSort,write-index-external,threshold:1,3,20,9,write,1,0.5,1,0.825,omit,187,0,13:21 20:9
insertionSort-024,insertionSort,write-index-external,budget:0,3,20,9,write,1,0.5,1,0.825,omit,187,0,13:21 20:9
gather-012,gather,index-plus-one,none,2,4,9,write,0,0.5,1,0.425,omit,200,0,4:9
gather-012,gather,index-plus-one,balanced,2,4,9,write,0,0.5,1,0.425,omit,200,0,4:9
gather-012,gather,index-plus-one,performance,2,4,9,write,0,0.5,1,0.425,omit,200,0,4:9
gather-012,gather,index-plus-one,budget:0.25,2,4,9,write,0,0.5,1,0.425,omit,200,0,4:9
gather-012,gather,index-plus-one,budget:0.5,2,4,9,write,0,0.5,1,0.425,omit,200,0,4:9
gather-012,gather,index-plus-one,threshold:0.45,2,4,9,write,0,0.5,1,0.425,omit,200,0,4:9
gather-012,gather,index-plus-one,threshold:0.5,2,4,9,write,0,0.5,1,0.425,omit,200,0,4:9
gather-012,gather,index-plus-one,threshold:0.55,2,4,9,write,0,0.5,1,0.425,omit,200,0,4:9
gather-012,gather,index-plus-one,threshold:0.6,2,4,9,write,0,0.5,1,0.425,omit,200,0,4:9
gather-012,gather,index-plus-one,threshold:0.65,2,4,9,write,0,0.5,1,0.425,omit,200,0,4:9
gather-012,gather,index-plus-one,threshold:0.7,2,4,9,write,0,0.5,1,0.425,omit,200,0,4:9
gather-012,gather,index-plus-one,threshold:0.75,2,4,9,write,0,0.5,1,0.425,omit,200,0,4:9
gather-012,gather,index-plus-one,threshold:0.8,2,4,9,write,0,0.5,1,0.425,omit,200,0,4:9
gather-012,gather,index-plus-one,threshold:0.85,2,4,9,write,0,0.5,1,0.425,omit,200,0,4:9
gather-012,gather,index-plus-one,threshold:0.9,2,4,9,write,0,0.5,1,0.425,omit,200,0,4:9
gather-012,gather,index-plus-one,threshold:0.95,2,4,9,write,0,0.5,1,0.425,omit,200,0,4:9
gather-012,gather,index-plus-one,threshold:1,2,4,9,write,0,0.5,1,0.425,omit,200,0,4:9
gather-012,gather,index-plus-one,budget:0,2,4,9,write,0,0.5,1,0.425,omit,200,0,4:9
gather-012,gather,index-plus-one,budget:0.05,2,4,9,write,0,0.5,1,0.425,omit,200,0,4:9
gather-012,gather,index-plus-one,budget:0.1,2,4,9,write,0,0.5,1,0.425,omit,200,0,4:9
gather-012,gather,index-plus-one,budget:0.15,2,4,9,write,0,0.5,1,0.425,omit,200,0,4:9
gather-012,gather,index-plus-one,budget:0.2,2,4,9,write,0,0.5,1,0.425,omit,200,0,4:9
gather-012,gather,index-plus-one,budget:0.3,2,4,9,write,0,0.5,1,0.425,omit,200,0,4:9
gather-012,gather,index-plus-one,budget:0.35,2,4,9,write,0,0.5,1,0.425,omit,200,0,4:9
gather-012,gather,index-plus-one,budget:0.4,2,4,9,write,0,0.5,1,0.425,omit,200,0,4:9
gather-012,gather,index-plus-one,budget:0.45,2,4,9,write,0,0.5,1,0.425,omit,200,0,4:9
gather-012,gather,index-plus-one,budget:0.55,2,4,9,write,0,0.5,1,0.425,omit,200,0,4:9
gather-012,gather,index-plus-one,budget:0.6,2,4,9,write,0,0.5,1,0.425,omit,200,0,4:9
gather-012,gather,index-plus-one,budget:0.65,2,4,9,write,0,0.5,1,0.425,omit,200,0,4:9
gather-013,gather,index-minus-one,none,2,4,9,write,0,1,1,0.6,omit,200,0,4:9
gather-013,gather,index-minus-one,performance,2,4,9,write,0,1,1,0.6,omit,200,0,4:9
gather-013,gather,index-minus-one,budget:0.25,2,4,9,write,0,1,1,0.6,omit,200,0,4:9
gather-013,gather,index-minus-one,budget:0.5,2,4,9,write,0,1,1,0.6,omit,200,0,4:9
gather-013,gather,index-minus-one,threshold:0.65,2,4,9,write,0,1,1,0.6,omit,200,0,4:9
gather-013,gather,index-minus-one,threshold:0.7,2,4,9,write,0,1,1,0.6,omit,200,0,4:9
gather-013,gather,index-minus-one,threshold:0.75,2,4,9,write,0,1,1,0.6,omit,200,0,4:9
gather-013,gather,index-minus-one,threshold:0.8,2,4,9,write,0,1,1,0.6,omit,200,0,4:9
gather-013,gather,index-minus-one,threshold:0.85,2,4,9,write,0,1,1,0.6,omit,200,0,4:9
gather-013,gather,index-minus-one,threshold:0.9,2,4,9,write,0,1,1,0.6,omit,200,0,4:9
gather-013,gather,index-minus-one,threshold:0.95,2,4,9,write,0,1,1,0.6,omit,200,0,4:9
gather-013,gather,index-minus-one,threshold:1,2,4,9,write,0,1,1,0.6,omit,200,0,4:9
gather-013,gather,index-minus-one,budget:0,2,4,9,write,0,1,1,0.6,omit,200,0,4:9
gather-013,gather,index-minus-one,budget:0.05,2,4,9,write,0,1,1,0.6,omit,200,0,4:9
gather-013,gather,index-minus-one,budget:0.1,2,4,9,write,0,1,1,0.6,omit,200,0,4:9
gather-013,gather,index-minus-one,budget:0.15,2,4,9,write,0,1,1,0.6,omit,200,0,4:9
gather-013,gather,index-minus-one,budget:0.2,2,4,9,write,0,1,1,0.6,omit,200,0,4:9
gather-013,gather,index-minus-one,budget:0.3,2,4,9,write,0,1,1,0.6,omit,200,0,4:9
gather-013,gather,index-minus-one,budget:0.35,2,4,9,write,0,1,1,0.6,omit,200,0,4:9
gather-013,gather,index-minus-one,budget:0.4,2,4,9,write,0,1,1,0.6,omit,200,0,4:9
gather-013,gather,index-minus-one,budget:0.45,2,4,9,write,0,1,1,0.6,omit,200,0,4:9
gather-013,gather,index-minus-one,budget:0.55,2,4,9,write,0,1,1,0.6,omit,200,0,4:9
gather-013,gather,index-minus-one,budget:0.6,2,4,9,write,0,1,1,0.6,omit,200,0,4:9
gather-013,gather,index-minus-one,budget:0.65,2,4,9,write,0,1,1,0.6,omit,200,0,4:9
gather-014,gather,swap-index-var,none,2,4,9,write,1,1,1,1,omit,43,11,4:9
gather-014,gather,swap-index-var,budget:0.25,2,4,9,write,1,1,1,1,omit,43,11,4:9
gather-014,gather,swap-index-var,budget:0,2,4,9,write,1,1,1,1,omit,43,11,4:9
gather-014,gather,swap-index-var,budget:0.05,2,4,9,write,1,1,1,1,omit,43,11,4:9
gather-014,gather,swap-index-var,budget:0.1,2,4,9,write,1,1,1,1,omit,43,11,4:9
gather-014,gather,swap-index-var,budget:0.15,2,4,9,write,1,1,1,1,omit,43,11,4:9
gather-014,gather,swap-index-var,budget:0.2,2,4,9,write,1,1,1,1,omit,43,11,4:9
gather-014,gather,swap-index-var,budget:0.3,2,4,9,write,1,1,1,1,omit,43,11,4:9
gather-014,gather,swap-index-var,budget:0.35,2,4,9,write,1,1,1,1,omit,43,11,4:9
gather-015,gather,swap-index-var,none,2,4,9,write,1,0.5,1,0.825,omit,200,0,4:9
gather-015,gather,swap-index-var,budget:0.25,2,4,9,write,1,0.5,1,0.825,omit,200,0,4:9
gather-015,gather,swap-index-var,threshold:0.85,2,4,9,write,1,0.5,1,0.825,omit,200,0,4:9
gather-015,gather,swap-index-var,threshold:0.9,2,4,9,write,1,0.5,1,0.825,omit,200,0,4:9
gather-015,gather,swap-index-var,threshold:0.95,2,4,9,write,1,0.5,1,0.825,omit,200,0,4:9
gather-015,gather,swap-index-var,threshold:1,2,4,9,write,1,0.5,1,0.825,omit,200,0,4:9
gather-015,gather,swap-index-var,budget:0,2,4,9,write,1,0.5,1,0.825,omit,200,0,4:9
gather-015,gather,swap-index-var,budget:0.05,2,4,9,write,1,0.5,1,0.825,omit,200,0,4:9
gather-015,gather,swap-index-var,budget:0.1,2,4,9,write,1,0.5,1,0.825,omit,200,0,4:9
gather-015,gather,swap-index-var,budget:0.15,2,4,9,write,1,0.5,1,0.825,omit,200,0,4:9
gather-015,gather,swap-index-var,budget:0.2,2,4,9,write,1,0.5,1,0.825,omit,200,0,4:9
gather-015,gather,swap-index-var,budget:0.3,2,4,9,write,1,0.5,1,0.825,omit,200,0,4:9
gather-015,gather,swap-index-var,budget:0.35,2,4,9,write,1,0.5,1,0.825,omit,200,0,4:9
gather-016,gather,swap-index-var,none,2,4,9,write,1,1,1,1,omit,200,0,4:9
gather-016,gather,swap-index-var,budget:0.25,2,4,9,write,1,1,1,1,omit,200,0,4:9
gather-016,gather,swap-index-var,budget:0,2,4,9,write,1,1,1,1,omit,200,0,4:9
gather-016,gather,swap-index-var,budget:0.05,2,4,9,write,1,1,1,1,omit,200,0,4:9
gather-016,gather,swap-index-var,budget:0.1,2,4,9,write,1,1,1,1,omit,200,0,4:9
gather-016,gather,swap-index-var,budget:0.15,2,4,9,write,1,1,1,1,omit,200,0,4:9
gather-016,gather,swap-index-var,budget:0.2,2,4,9,write,1,1,1,1,omit,200,0,4:9
gather-016,gather,swap-index-var,budget:0.3,2,4,9,write,1,1,1,1,omit,200,0,4:9
gather-016,gather,swap-index-var,budget:0.35,2,4,9,write,1,1,1,1,omit,200,0,4:9
scatter-010,scatter,index-plus-one,none,2,4,9,write,1,1,1,1,omit,106,2,4:9
scatter-010,scatter,index-plus-one,budget:0.25,2,4,9,write,1,1,1,1,omit,106,2,4:9
scatter-010,scatter,index-plus-one,budget:0,2,4,9,write,1,1,1,1,omit,106,2,4:9
scatter-010,scatter,index-plus-one,budget:0.05,2,4,9,write,1,1,1,1,omit,106,2,4:9
scatter-010,scatter,index-plus-one,budget:0.1,2,4,9,write,1,1,1,1,omit,106,2,4:9
scatter-010,scatter,index-plus-one,budget:0.15,2,4,9,write,1,1,1,1,omit,106,2,4:9
scatter-010,scatter,index-plus-one,budget:0.2,2,4,9,write,1,1,1,1,omit,106,2,4:9
scatter-010,scatter,index-plus-one,budget:0.3,2,4,9,write,1,1,1,1,omit,106,2,4:9
scatter-010,scatter,index-plus-one,budget:0.35,2,4,9,write,1,1,1,1,omit,106,2,4:9
scatter-011,scatter,index-minus-one,none,2,4,9,write,1,1,1,1,omit,117,2,4:9
scatter-011,scatter,index-minus-one,budget:0.25,2,4,9,write,1,1,1,1,omit,117,2,4:9
scatter-011,scatter,index-minus-one,budget:0,2,4,9,write,1,1,1,1,omit,117,2,4:9
scatter-011,scatter,index-minus-one,budget:0.05,2,4,9,write,1,1,1,1,omit,117,2,4:9
scatter-011,scatter,index-minus-one,budget:0.1,2,4,9,write,1,1,1,1,omit,117,2,4:9
scatter-011,scatter,index-minus-one,budget:0.15,2,4,9,write,1,1,1,1,omit,117,2,4:9
scatter-011,scatter,index-minus-one,budget:0.2,2,4,9,write,1,1,1,1,omit,117,2,4:9
scatter-011,scatter,index-minus-one,budget:0.3,2,4,9,write,1,1,1,1,omit,117,2,4:9
scatter-011,scatter,index-minus-one,budget:0.35,2,4,9,write,1,1,1,1,omit,117,2,4:9
scatter-012,scatter,write-index-external,none,1,4,9,write,1,0.5,1,0.825,omit,41,7,4:9
scatter-012,scatter,write-index-external,budget:0.25,1,4,9,write,1,0.5,1,0.825,omit,41,7,4:9
scatter-012,scatter,write-index-external,budget:0.5,1,4,9,write,1,0.5,1,0.825,omit,41,7,4:9
scatter-012,scatter,write-index-external,threshold:0.85,1,4,9,write,1,0.5,1,0.825,omit,41,7,4:9
scatter-012,scatter,write-index-external,threshold:0.9,1,4,9,write,1,0.5,1,0.825,omit,41,7,4:9
scatter-012,scatter,write-index-external,threshold:0.95,1,4,9,write,1,0.5,1,0.825,omit,41,7,4:9
scatter-012,scatter,write-index-external,threshold:1,1,4,9,write,1,0.5,1,0.825,omit,41,7,4:9
scatter-012,scatter,write-index-external,budget:0,1,4,9,write,1,0.5,1,0.825,omit,41,7,4:9
scatter-012,scatter,write-index-external,budget:0.05,1,4,9,write,1,0.5,1,0.825,omit,41,7,4:9
scatter-012,scatter,write-index-external,budget:0.1,1,4,9,write,1,0.5,1,0.825,omit,41,7,4:9
scatter-012,scatter,write-index-external,budget:0.15,1,4,9,write,1,0.5,1,0.825,omit,41,7,4:9
scatter-012,scatter,write-index-external,budget:0.2,1,4,9,write,1,0.5,1,0.825,omit,41,7,4:9
scatter-012,scatter,write-index-external,budget:0.3,1,4,9,write,1,0.5,1,0.825,omit,41,7,4:9
scatter-012,scatter,write-index-external,budget:0.35,1,4,9,write,1,0.5,1,0.825,omit,41,7,4:9
scatter-012,scatter,write-index-external,budget:0.4,1,4,9,write,1,0.5,1,0.825,omit,41,7,4:9
scatter-012,scatter,write-index-external,budget:0.45,1,4,9,write,1,0.5,1,0.825,omit,41,7,4:9
scatter-013,scatter,write-index-external,none,1,4,9,write,1,1,1,1,omit,41,7,4:9
scatter-013,scatter,write-index-external,budget:0.25,1,4,9,write,1,1,1,1,omit,41,7,4:9
scatter-013,scatter,write-index-external,budget:0.5,1,4,9,write,1,1,1,1,omit,41,7,4:9
scatter-013,scatter,write-index-external,budget:0,1,4,9,write,1,1,1,1,omit,41,7,4:9
scatter-013,scatter,write-index-external,budget:0.05,1,4,9,write,1,1,1,1,omit,41,7,4:9
scatter-013,scatter,write-index-external,budget:0.1,1,4,9,write,1,1,1,1,omit,41,7,4:9
scatter-013,scatter,write-index-external,budget:0.15,1,4,9,write,1,1,1,1,omit,41,7,4:9
scatter-013,scatter,write-index-external,budget:0.2,1,4,9,write,1,1,1,1,omit,41,7,4:9
scatter-013,scatter,write-index-external,budget:0.3,1,4,9,write,1,1,1,1,omit,41,7,4:9
scatter-013,scatter,write-index-external,budget:0.35,1,4,9,write,1,1,1,1,omit,41,7,4:9
scatter-013,scatter,write-index-external,budget:0.4,1,4,9,write,1,1,1,1,omit,41,7,4:9
scatter-013,scatter,write-index-external,budget:0.45,1,4,9,write,1,1,1,1,omit,41,7,4:9
scatter-014,scatter,write-index-external,none,1,4,9,write,1,1,1,1,omit,184,0,4:9
scatter-014,scatter,write-index-external,budget:0.25,1,4,9,write,1,1,1,1,omit,184,0,4:9
scatter-014,scatter,write-index-external,budget:0.5,1,4,9,write,1,1,1,1,omit,184,0,4:9
scatter-014,scatter,write-index-external,budget:0,1,4,9,write,1,1,1,1,omit,184,0,4:9
scatter-014,scatter,write-index-external,budget:0.05,1,4,9,write,1,1,1,1,omit,184,0,4:9
scatter-014,scatter,write-index-external,budget:0.1,1,4,9,write,1,1,1,1,omit,184,0,4:9
scatter-014,scatter,write-index-external,budget:0.15,1,4,9,write,1,1,1,1,omit,184,0,4:9
scatter-014,scatter,write-index-external,budget:0.2,1,4,9,write,1,1,1,1,omit,184,0,4:9
scatter-014,scatter,write-index-external,budget:0.3,1,4,9,write,1,1,1,1,omit,184,0,4:9
scatter-014,scatter,write-index-external,budget:0.35,1,4,9,write,1,1,1,1,omit,184,0,4:9
scatter-014,scatter,write-index-external,budget:0.4,1,4,9,write,1,1,1,1,omit,184,0,4:9
scatter-014,scatter,write-index-external,budget:0.45,1,4,9,write,1,1,1,1,omit,184,0,4:9
scatter-019,scatter,swap-index-var,none,1,4,13,read,1,1,0,0.75,omit,2,48,4:9
scatter-019,scatter,swap-index-var,budget:0.25,1,4,13,read,1,1,0,0.75,omit,2,48,4:9
scatter-019,scatter,swap-index-var,budget:0,1,4,13,read,1,1,0,0.75,omit,2,48,4:9
scatter-019,scatter,swap-index-var,budget:0.05,1,4,13,read,1,1,0,0.75,omit,2,48,4:9
scatter-019,scatter,swap-index-var,budget:0.1,1,4,13,read,1,1,0,0.75,omit,2,48,4:9
scatter-019,scatter,swap-index-var,budget:0.15,1,4,13,read,1,1,0,0.75,omit,2,48,4:9
scatter-019,scatter,swap-index-var,budget:0.2,1,4,13,read,1,1,0,0.75,omit,2,48,4:9
scatter-019,scatter,swap-index-var,budget:0.3,1,4,13,read,1,1,0,0.75,omit,2,48,4:9
scatter-019,scatter,swap-index-var,budget:0.35,1,4,13,read,1,1,0,0.75,omit,2,48,4:9
reverse-014,reverse,index-minus-one,none,2,7,9,write,0,1,1,0.6,omit,193,0,7:9 8:9
reverse-014,reverse,index-minus-one,performance,2,7,9,write,0,1,1,0.6,omit,193,0,7:9
reverse-014,reverse,index-minus-one,budget:0.25,2,7,9,write,0,1,1,0.6,omit,193,0,7:9 8:9
reverse-014,reverse,index-minus-one,budget:0.5,2,7,9,write,0,1,1,0.6,omit,193,0,7:9
reverse-014,reverse,index-minus-one,threshold:0.65,2,7,9,write,0,1,1,0.6,omit,193,0,7:9
reverse-014,reverse,index-minus-one,threshold:0.7,2,7,9,write,0,1,1,0.6,omit,193,0,7:9
reverse-014,reverse,index-minus-one,threshold:0.75,2,7,9,write,0,1,1,0.6,omit,193,0,7:9
reverse-014,reverse,index-minus-one,threshold:0.8,2,7,9,write,0,1,1,0.6,omit,193,0,7:9
reverse-014,reverse,index-minus-one,threshold:0.85,2,7,9,write,0,1,1,0.6,omit,193,0,7:9
reverse-014,reverse,index-minus-one,threshold:0.9,2,7,9,write,0,1,1,0.6,omit,193,0,7:9
reverse-014,reverse,index-minus-one,threshold:0.95,2,7,9,write,0,1,1,0.6,omit,193,0,7:9
reverse-014,reverse,index-minus-one,threshold:1,2,7,9,write,0,1,1,0.6,omit,193,0,7:9
reverse-014,reverse,index-minus-one,budget:0,2,7,9,write,0,1,1,0.6,omit,193,0,7:9 8:9
reverse-014,reverse,index-minus-one,budget:0.05,2,7,9,write,0,1,1,0.6,omit,193,0,7:9 8:9
reverse-014,reverse,index-minus-one,budget:0.1,2,7,9,write,0,1,1,0.6,omit,193,0,7:9 8:9
reverse-014,reverse,index-minus-one,budget:0.15,2,7,9,write,0,1,1,0.6,omit,193,0,7:9 8:9
reverse-014,reverse,index-minus-one,budget:0.2,2,7,9,write,0,1,1,0.6,omit,193,0,7:9 8:9
reverse-014,reverse,index-minus-one,budget:0.3,2,7,9,write,0,1,1,0.6,omit,193,0,7:9
reverse-014,reverse,index-minus-one,budget:0.35,2,7,9,write,0,1,1,0.6,omit,193,0,7:9
reverse-014,reverse,index-minus-one,budget:0.4,2,7,9,write,0,1,1,0.6,omit,193,0,7:9
reverse-014,reverse,index-minus-one,budget:0.45,2,7,9,write,0,1,1,0.6,omit,193,0,7:9
reverse-014,reverse,index-minus-one,budget:0.55,2,7,9,write,0,1,1,0.6,omit,193,0,7:9
reverse-014,reverse,index-minus-one,budget:0.6,2,7,9,write,0,1,1,0.6,omit,193,0,7:9
reverse-014,reverse,index-minus-one,budget:0.65,2,7,9,write,0,1,1,0.6,omit,193,0,7:9
reverse-014,reverse,index-minus-one,budget:0.7,2,7,9,write,0,1,1,0.6,omit,193,0,7:9
reverse-014,reverse,index-minus-one,budget:0.75,2,7,9,write,0,1,1,0.6,omit,193,0,7:9
reverse-015,reverse,swap-index-var,none,2,7,9,write,1,1,1,1,omit,193,0,7:9 8:9
reverse-015,reverse,swap-index-var,budget:0.25,2,7,9,write,1,1,1,1,omit,193,0,7:9 8:9
reverse-015,reverse,swap-index-var,budget:0,2,7,9,write,1,1,1,1,omit,193,0,7:9 8:9
reverse-015,reverse,swap-index-var,budget:0.05,2,7,9,write,1,1,1,1,omit,193,0,7:9 8:9
reverse-015,reverse,swap-index-var,budget:0.1,2,7,9,write,1,1,1,1,omit,193,0,7:9 8:9
reverse-015,reverse,swap-index-var,budget:0.15,2,7,9,write,1,1,1,1,omit,193,0,7:9 8:9
reverse-015,reverse,swap-index-var,budget:0.2,2,7,9,write,1,1,1,1,omit,193,0,7:9 8:9
reverse-018,reverse,swap-index-var,none,2,7,9,write,1,1,1,1,omit,55,2,7:9 8:9
reverse-018,reverse,swap-index-var,budget:0.25,2,7,9,write,1,1,1,1,omit,54,2,7:9 8:9
reverse-018,reverse,swap-index-var,budget:0,2,7,9,write,1,1,1,1,omit,55,2,7:9 8:9
reverse-018,reverse,swap-index-var,budget:0.05,2,7,9,write,1,1,1,1,omit,54,2,7:9 8:9
reverse-018,reverse,swap-index-var,budget:0.1,2,7,9,write,1,1,1,1,omit,54,2,7:9 8:9
reverse-018,reverse,swap-index-var,budget:0.15,2,7,9,write,1,1,1,1,omit,54,2,7:9 8:9
reverse-018,reverse,swap-index-var,budget:0.2,2,7,9,write,1,1,1,1,omit,54,2,7:9 8:9
reverse-020,reverse,index-plus-one,none,3,8,9,write,1,1,1,1,omit,193,0,7:9 8:9
reverse-020,reverse,index-plus-one,budget:0.25,3,8,9,write,1,1,1,1,omit,193,0,7:9 8:9
reverse-020,reverse,index-plus-one,budget:0,3,8,9,write,1,1,1,1,omit,193,0,7:9 8:9
reverse-020,reverse,index-plus-one,budget:0.05,3,8,9,write,1,1,1,1,omit,193,0,7:9 8:9
reverse-020,reverse,index-plus-one,budget:0.1,3,8,9,write,1,1,1,1,omit,193,0,7:9 8:9
reverse-020,reverse,index-plus-one,budget:0.15,3,8,9,write,1,1,1,1,omit,193,0,7:9 8:9
reverse-020,reverse,index-plus-one,budget:0.2,3,8,9,write,1,1,1,1,omit,193,0,7:9 8:9
reverse-022,reverse,swap-index-var,none,3,8,9,write,1,1,1,1,omit,193,0,7:9 8:9
reverse-022,reverse,swap-index-var,budget:0.25,3,8,9,write,1,1,1,1,omit,193,0,7:9 8:9
reverse-022,reverse,swap-index-var,budget:0,3,8,9,write,1,1,1,1,omit,193,0,7:9 8:9
reverse-022,reverse,swap-index-var,budget:0.05,3,8,9,write,1,1,1,1,omit,193,0,7:9 8:9
reverse-022,reverse,swap-index-var,budget:0.1,3,8,9,write,1,1,1,1,omit,193,0,7:9 8:9
reverse-022,reverse,swap-index-var,budget:0.15,3,8,9,write,1,1,1,1,omit,193,0,7:9 8:9
reverse-022,reverse,swap-index-var,budget:0.2,3,8,9,write,1,1,1,1,omit,193,0,7:9 8:9
reverse-025,reverse,swap-index-var,none,3,8,9,write,1,1,1,1,omit,55,2,7:9 8:9
reverse-025,reverse,swap-index-var,budget:0.25,3,8,9,write,1,1,1,1,omit,51,2,7:9 8:9
reverse-025,reverse,swap-index-var,budget:0,3,8,9,write,1,1,1,1,omit,55,2,7:9 8:9
reverse-025,reverse,swap-index-var,budget:0.05,3,8,9,write,1,1,1,1,omit,51,2,7:9 8:9
reverse-025,reverse,swap-index-var,budget:0.1,3,8,9,write,1,1,1,1,omit,51,2,7:9 8:9
reverse-025,reverse,swap-index-var,budget:0.15,3,8,9,write,1,1,1,1,omit,51,2,7:9 8:9
reverse-025,reverse,swap-index-var,budget:0.2,3,8,9,write,1,1,1,1,omit,51,2,7:9 8:9
