id,kernel,operator,line,column,detail,status,triggering_inputs,full_fuel_exhausted
sumArray-000,sumArray,start-minus-one,4,5,i = 0 to i = -1,kept,200,0
sumArray-001,sumArray,lt-to-le,5,14,< to <=,kept,200,0
sumArray-002,sumArray,bound-plus-one,5,16,len to len + 1,kept,200,0
sumArray-003,sumArray,index-plus-one,6,25,arr[e] to arr[e + 1],kept,188,0
sumArray-004,sumArray,index-minus-one,6,25,arr[e] to arr[e - 1],kept,188,0
sumArray-005,sumArray,swap-index-var,6,29,i to len in arr[...],kept,188,0
sumArray-006,sumArray,swap-index-var,6,29,i to total in arr[...],kept,175,0
prefixSum-000,prefixSum,lt-to-le,4,14,< to <=,kept,190,0
prefixSum-001,prefixSum,bound-plus-one,4,16,len to len + 1,kept,190,0
prefixSum-002,prefixSum,index-plus-one,5,18,arr[e] to arr[e + 1],not_triggerable,0,0
prefixSum-003,prefixSum,index-minus-one,5,18,arr[e] to arr[e - 1],kept,179,0
prefixSum-004,prefixSum,swap-index-var,5,22,i to len in arr[...],not_triggerable,0,0
prefixSum-005,prefixSum,index-plus-one,5,31,arr[e] to arr[e + 1],kept,179,0
prefixSum-006,prefixSum,index-minus-one,5,31,arr[e] to arr[e - 1],not_triggerable,0,0
prefixSum-007,prefixSum,swap-index-var,5,35,i to len in arr[...],kept,179,0
prefixSum-008,prefixSum,index-plus-one,5,9,arr[e] to arr[e + 1],kept,179,0
prefixSum-009,prefixSum,index-minus-one,5,9,arr[e] to arr[e - 1],not_triggerable,0,0
prefixSum-010,prefixSum,swap-index-var,5,13,i to len in arr[...],kept,179,0
prefixSum-011,prefixSum,write-index-external,5,9,arr[e] = ... to arr[len] = ...,duplicate,0,0
dot-000,dot,start-minus-one,4,10,i = 0 to i = -1,kept,200,0
dot-001,dot,lt-to-le,4,28,< to <=,kept,200,0
dot-002,dot,bound-plus-one,4,30,alen to alen + 1,kept,200,0
dot-003,dot,swap-length,4,30,alen to blen,not_triggerable,0,0
dot-004,dot,index-plus-one,5,17,a[e] to a[e + 1],kept,188,0
dot-005,dot,index-minus-one,5,17,a[e] to a[e - 1],kept,188,0
dot-006,dot,swap-index-var,5,19,i to alen in a[...],kept,188,0
dot-007,dot,swap-index-var,5,19,i to blen in a[...],kept,188,0
dot-008,dot,swap-index-var,5,19,i to s in a[...],kept,176,0
dot-009,dot,index-plus-one,5,24,b[e] to b[e + 1],kept,188,0
dot-010,dot,index-minus-one,5,24,b[e] to b[e - 1],kept,188,0
dot-011,dot,swap-index-var,5,26,i to alen in b[...],kept,188,0
dot-012,dot,swap-index-var,5,26,i to blen in b[...],kept,188,0
dot-013,dot,swap-index-var,5,26,i to s in b[...],kept,175,0
axpy-000,axpy,start-minus-one,3,10,i = 0 to i = -1,kept,200,0
axpy-001,axpy,lt-to-le,3,28,< to <=,kept,30,0
axpy-002,axpy,index-plus-one,4,24,x[e] to x[e + 1],kept,30,0
axpy-003,axpy,index-minus-one,4,24,x[e] to x[e - 1],kept,168,0
axpy-004,axpy,swap-index-var,4,26,i to xlen in x[...],kept,168,0
axpy-005,axpy,swap-index-var,4,26,i to ylen in x[...],kept,168,0
axpy-006,axpy,swap-index-var,4,26,i to alpha in x[...],kept,88,0
axpy-007,axpy,swap-index-var,4,26,i to n in x[...],kept,30,0
axpy-008,axpy,index-plus-one,4,31,y[e] to y[e + 1],kept,30,0
axpy-009,axpy,index-minus-one,4,31,y[e] to y[e - 1],kept,168,0
axpy-010,axpy,swap-index-var,4,33,i to xlen in y[...],kept,168,0
axpy-011,axpy,swap-index-var,4,33,i to ylen in y[...],kept,168,0
axpy-012,axpy,swap-index-var,4,33,i to alpha in y[...],kept,88,0
axpy-013,axpy,swap-index-var,4,33,i to n in y[...],kept,30,0
axpy-014,axpy,index-plus-one,4,9,y[e] to y[e + 1],kept,30,0
axpy-015,axpy,index-minus-one,4,9,y[e] to y[e - 1],kept,168,0
axpy-016,axpy,swap-index-var,4,11,i to xlen in y[...],kept,168,0
axpy-017,axpy,swap-index-var,4,11,i to ylen in y[...],kept,168,0
axpy-018,axpy,swap-index-var,4,11,i to alpha in y[...],kept,88,0
axpy-019,axpy,swap-index-var,4,11,i to n in y[...],kept,30,0
axpy-020,axpy,write-index-external,4,9,y[e] = ... to y[xlen] = ...,duplicate,0,0
axpy-021,axpy,write-index-external,4,9,y[e] = ... to y[ylen] = ...,duplicate,0,0
axpy-022,axpy,write-index-external,4,9,y[e] = ... to y[alpha] = ...,duplicate,0,0
axpy-023,axpy,write-index-external,4,9,y[e] = ... to y[n] = ...,duplicate,0,0
axpy-024,axpy,index-plus-one,6,12,y[e] to y[e + 1],kept,14,0
axpy-025,axpy,index-minus-one,6,12,y[e] to y[e - 1],kept,200,0
matvec-000,matvec,start-minus-one,3,10,i = 0 to i = -1,kept,200,0
matvec-001,matvec,lt-to-le,3,28,< to <=,kept,200,0
matvec-002,matvec,start-minus-one,5,14,j = 0 to j = -1,kept,200,0
matvec-003,matvec,lt-to-le,5,32,< to <=,kept,200,0
matvec-004,matvec,index-plus-one,6,21,a[e] to a[e + 1],kept,157,0
matvec-005,matvec,index-minus-one,6,21,a[e] to a[e - 1],kept,157,0
matvec-006,matvec,swap-index-var,6,23,i to alen in a[...],kept,157,0
matvec-007,matvec,swap-index-var,6,23,i to xlen in a[...],kept,103,0
matvec-008,matvec,swap-index-var,6,23,i to outlen in a[...],kept,157,0
matvec-009,matvec,swap-index-var,6,23,i to rows in a[...],kept,157,0
matvec-010,matvec,swap-index-var,6,23,i to cols in a[...],kept,103,0
matvec-011,matvec,swap-index-var,6,23,i to s in a[...],kept,124,0
matvec-012,matvec,swap-index-var,6,23,i to j in a[...],kept,60,0
matvec-013,matvec,swap-index-var,6,27,cols to alen in a[...],kept,113,0
matvec-014,matvec,swap-index-var,6,27,cols to xlen in a[...],not_triggerable,0,0
matvec-015,matvec,swap-index-var,6,27,cols to outlen in a[...],kept,54,0
matvec-016,matvec,swap-index-var,6,27,cols to rows in a[...],kept,54,0
matvec-017,matvec,swap-index-var,6,27,cols to i in a[...],kept,27,0
matvec-018,matvec,swap-index-var,6,27,cols to s in a[...],kept,88,0
matvec-019,matvec,swap-index-var,6,27,cols to j in a[...],not_triggerable,0,0
matvec-020,matvec,swap-index-var,6,34,j to alen in a[...],kept,157,0
matvec-021,matvec,swap-index-var,6,34,j to xlen in a[...],kept,157,0
matvec-022,matvec,swap-index-var,6,34,j to outlen in a[...],kept,97,0
matvec-023,matvec,swap-index-var,6,34,j to rows in a[...],kept,97,0
matvec-024,matvec,swap-index-var,6,34,j to cols in a[...],kept,157,0
matvec-025,matvec,swap-index-var,6,34,j to i in a[...],kept,54,0
matvec-026,matvec,swap-index-var,6,34,j to s in a[...],kept,125,0
matvec-027,matvec,index-plus-one,6,39,x[e] to x[e + 1],kept,157,0
matvec-028,matvec,index-minus-one,6,39,x[e] to x[e - 1],kept,157,0
matvec-029,matvec,swap-index-var,6,41,j to alen in x[...],kept,157,0
matvec-030,matvec,swap-index-var,6,41,j to xlen in x[...],kept,157,0
matvec-031,matvec,swap-index-var,6,41,j to outlen in x[...],kept,97,0
matvec-032,matvec,swap-index-var,6,41,j to rows in x[...],kept,97,0
matvec-033,matvec,swap-index-var,6,41,j to cols in x[...],kept,157,0
matvec-034,matvec,swap-index-var,6,41,j to i in x[...],kept,54,0
matvec-035,matvec,swap-index-var,6,41,j to s in x[...],kept,124,0
matvec-036,matvec,index-plus-one,8,9,out[e] to out[e + 1],kept,200,0
matvec-037,matvec,index-minus-one,8,9,out[e] to out[e - 1],kept,200,0
matvec-038,matvec,swap-index-var,8,13,i to alen in out[...],kept,157,0
matvec-039,matvec,swap-index-var,8,13,i to xlen in out[...],kept,103,0
matvec-040,matvec,swap-index-var,8,13,i to outlen in out[...],kept,200,0
matvec-041,matvec,swap-index-var,8,13,i to rows in out[...],kept,200,0
matvec-042,matvec,swap-index-var,8,13,i to cols in out[...],kept,103,0
matvec-043,matvec,swap-index-var,8,13,i to s in out[...],kept,156,0
matvec-044,matvec,write-index-external,8,9,out[e] = ... to out[alen] = ...,duplicate,0,0
matvec-045,matvec,write-index-external,8,9,out[e] = ... to out[xlen] = ...,duplicate,0,0
matvec-046,matvec,write-index-external,8,9,out[e] = ... to out[outlen] = ...,duplicate,0,0
matvec-047,matvec,write-index-external,8,9,out[e] = ... to out[rows] = ...,duplicate,0,0
matvec-048,matvec,write-index-external,8,9,out[e] = ... to out[cols] = ...,duplicate,0,0
matvec-049,matvec,index-plus-one,10,12,out[e] to out[e + 1],kept,53,0
matvec-050,matvec,index-minus-one,10,12,out[e] to out[e - 1],kept,200,0
stencil-000,stencil,lt-to-le,6,14,< to <=,kept,200,0
stencil-001,stencil,bound-plus-one,6,16,slen to slen + 1,kept,200,0
stencil-002,stencil,swap-length,6,16,slen to dlen,not_triggerable,0,0
stencil-003,stencil,index-plus-one,7,18,src[e] to src[e + 1],not_triggerable,0,0
stencil-004,stencil,index-minus-one,7,18,src[e] to src[e - 1],kept,186,0
stencil-005,stencil,swap-index-var,7,22,i to slen in src[...],not_triggerable,0,0
stencil-006,stencil,swap-index-var,7,22,i to dlen in src[...],not_triggerable,0,0
stencil-007,stencil,index-plus-one,7,31,src[e] to src[e + 1],not_triggerable,0,0
stencil-008,stencil,index-minus-one,7,31,src[e] to src[e - 1],not_triggerable,0,0
stencil-009,stencil,swap-index-var,7,35,i to slen in src[...],kept,186,0
stencil-010,stencil,swap-index-var,7,35,i to dlen in src[...],kept,186,0
stencil-011,stencil,index-plus-one,7,40,src[e] to src[e + 1],kept,186,0
stencil-012,stencil,index-minus-one,7,40,src[e] to src[e - 1],not_triggerable,0,0
stencil-013,stencil,swap-index-var,7,44,i to slen in src[...],kept,186,0
stencil-014,stencil,swap-index-var,7,44,i to dlen in src[...],kept,186,0
stencil-015,stencil,index-plus-one,7,9,dst[e] to dst[e + 1],not_triggerable,0,0
stencil-016,stencil,index-minus-one,7,9,dst[e] to dst[e - 1],not_triggerable,0,0
stencil-017,stencil,swap-index-var,7,13,i to slen in dst[...],kept,186,0
stencil-018,stencil,swap-index-var,7,13,i to dlen in dst[...],kept,186,0
stencil-019,stencil,write-index-external,7,9,dst[e] = ... to dst[slen] = ...,duplicate,0,0
stencil-020,stencil,write-index-external,7,9,dst[e] = ... to dst[dlen] = ...,duplicate,0,0
stencil-021,stencil,index-plus-one,10,12,dst[e] to dst[e + 1],kept,14,0
stencil-022,stencil,index-minus-one,10,12,dst[e] to dst[e - 1],not_triggerable,0,0
stencilV-000,stencilV,swap-length,4,21,slen to dlen,not_triggerable,0,0
stencilV-001,stencilV,lt-to-le,6,14,< to <=,kept,200,0
stencilV-002,stencilV,index-plus-one,7,18,src[e] to src[e + 1],not_triggerable,0,0
stencilV-003,stencilV,index-minus-one,7,18,src[e] to src[e - 1],kept,189,0
stencilV-004,stencilV,swap-index-var,7,22,i to slen in src[...],not_triggerable,0,0
stencilV-005,stencilV,swap-index-var,7,22,i to dlen in src[...],not_triggerable,0,0
stencilV-006,stencilV,swap-index-var,7,22,i to last in src[...],not_triggerable,0,0
stencilV-007,stencilV,index-plus-one,7,31,src[e] to src[e + 1],not_triggerable,0,0
stencilV-008,stencilV,index-minus-one,7,31,src[e] to src[e - 1],not_triggerable,0,0
stencilV-009,stencilV,swap-index-var,7,35,i to slen in src[...],kept,189,0
stencilV-010,stencilV,swap-index-var,7,35,i to dlen in src[...],kept,189,0
stencilV-011,stencilV,swap-index-var,7,35,i to last in src[...],not_triggerable,0,0
stencilV-012,stencilV,index-plus-one,7,40,src[e] to src[e + 1],kept,189,0
stencilV-013,stencilV,index-minus-one,7,40,src[e] to src[e - 1],not_triggerable,0,0
stencilV-014,stencilV,swap-index-var,7,44,i to slen in src[...],kept,189,0
stencilV-015,stencilV,swap-index-var,7,44,i to dlen in src[...],kept,189,0
stencilV-016,stencilV,swap-index-var,7,44,i to last in src[...],kept,189,0
stencilV-017,stencilV,index-plus-one,7,9,dst[e] to dst[e + 1],not_triggerable,0,0
stencilV-018,stencilV,index-minus-one,7,9,dst[e] to dst[e - 1],not_triggerable,0,0
stencilV-019,stencilV,swap-index-var,7,13,i to slen in dst[...],kept,189,0
stencilV-020,stencilV,swap-index-var,7,13,i to dlen in dst[...],kept,189,0
stencilV-021,stencilV,swap-index-var,7,13,i to last in dst[...],not_triggerable,0,0
stencilV-022,stencilV,write-index-external,7,9,dst[e] = ... to dst[slen] = ...,duplicate,0,0
stencilV-023,stencilV,write-index-external,7,9,dst[e] = ... to dst[dlen] = ...,duplicate,0,0
stencilV-024,stencilV,index-plus-one,10,12,dst[e] to dst[e + 1],kept,11,0
stencilV-025,stencilV,index-minus-one,10,12,dst[e] to dst[e - 1],not_triggerable,0,0
smooth-000,smooth,lt-to-le,5,14,< to <=,kept,194,0
smooth-001,smooth,bound-plus-one,5,16,slen to slen + 1,kept,194,0
smooth-002,smooth,swap-length,5,16,slen to dlen,not_triggerable,0,0
smooth-003,smooth,index-plus-one,9,21,src[e] to src[e + 1],kept,180,0
smooth-004,smooth,index-minus-one,9,21,src[e] to src[e - 1],kept,180,0
smooth-005,smooth,swap-index-var,9,25,j to slen in src[...],kept,180,0
smooth-006,smooth,swap-index-var,9,25,j to dlen in src[...],kept,180,0
smooth-007,smooth,swap-index-var,9,25,j to k in src[...],not_triggerable,0,0
smooth-008,smooth,swap-index-var,9,25,j to i in src[...],not_triggerable,0,0
smooth-009,smooth,swap-index-var,9,25,j to s in src[...],kept,123,0
smooth-010,smooth,index-plus-one,12,9,dst[e] to dst[e + 1],kept,53,0
smooth-011,smooth,index-minus-one,12,9,dst[e] to dst[e - 1],kept,53,0
smooth-012,smooth,swap-index-var,12,13,i to slen in dst[...],kept,180,0
smooth-013,smooth,swap-index-var,12,13,i to dlen in dst[...],kept,180,0
smooth-014,smooth,swap-index-var,12,13,i to k in dst[...],not_triggerable,0,0
smooth-015,smooth,swap-index-var,12,13,i to s in dst[...],kept,178,0
smooth-016,smooth,swap-index-var,12,13,i to j in dst[...],kept,180,0
smooth-017,smooth,write-index-external,12,9,dst[e] = ... to dst[slen] = ...,duplicate,0,0
smooth-018,smooth,write-index-external,12,9,dst[e] = ... to dst[dlen] = ...,duplicate,0,0
smooth-019,smooth,write-index-external,12,9,dst[e] = ... to dst[k] = ...,duplicate,0,0
smooth-020,smooth,index-plus-one,15,12,dst[e] to dst[e + 1],kept,12,0
smooth-021,smooth,index-minus-one,15,12,dst[e] to dst[e - 1],kept,53,0
smooth-022,smooth,swap-index-var,15,16,k to slen in dst[...],kept,200,0
smooth-023,smooth,swap-index-var,15,16,k to dlen in dst[...],kept,200,0
smooth-024,smooth,swap-index-var,15,16,k to i in dst[...],kept,53,0
smoothV-000,smoothV,swap-length,4,21,slen to dlen,not_triggerable,0,0
smoothV-001,smoothV,lt-to-le,7,14,< to <=,kept,186,0
smoothV-002,smoothV,index-plus-one,12,21,src[e] to src[e + 1],kept,177,0
smoothV-003,smoothV,index-minus-one,12,21,src[e] to src[e - 1],kept,177,0
smoothV-004,smoothV,swap-index-var,12,25,j to slen in src[...],kept,177,0
smoothV-005,smoothV,swap-index-var,12,25,j to dlen in src[...],kept,177,0
smoothV-006,smoothV,swap-index-var,12,25,j to k in src[...],not_triggerable,0,0
smoothV-007,smoothV,swap-index-var,12,25,j to last in src[...],kept,45,0
smoothV-008,smoothV,swap-index-var,12,25,j to width in src[...],kept,15,0
smoothV-009,smoothV,swap-index-var,12,25,j to i in src[...],not_triggerable,0,0
smoothV-010,smoothV,swap-index-var,12,25,j to s in src[...],kept,132,0
smoothV-011,smoothV,swap-index-var,12,25,j to hi in src[...],not_triggerable,0,0
smoothV-012,smoothV,index-plus-one,15,9,dst[e] to dst[e + 1],kept,45,0
smoothV-013,smoothV,index-minus-one,15,9,dst[e] to dst[e - 1],kept,45,0
smoothV-014,smoothV,swap-index-var,15,13,i to slen in dst[...],kept,177,0
smoothV-015,smoothV,swap-index-var,15,13,i to dlen in dst[...],kept,177,0
smoothV-016,smoothV,swap-index-var,15,13,i to k in dst[...],not_triggerable,0,0
smoothV-017,smoothV,swap-index-var,15,13,i to last in dst[...],kept,45,0
smoothV-018,smoothV,swap-index-var,15,13,i to width in dst[...],kept,15,0
smoothV-019,smoothV,swap-index-var,15,13,i to s in dst[...],kept,175,0
smoothV-020,smoothV,swap-index-var,15,13,i to j in dst[...],kept,177,0
smoothV-021,smoothV,swap-index-var,15,13,i to hi in dst[...],not_triggerable,0,0
smoothV-022,smoothV,write-index-external,15,9,dst[e] = ... to dst[slen] = ...,duplicate,0,0
smoothV-023,smoothV,write-index-external,15,9,dst[e] = ... to dst[dlen] = ...,duplicate,0,0
smoothV-024,smoothV,write-index-external,15,9,dst[e] = ... to dst[k] = ...,duplicate,0,0
smoothV-025,smoothV,index-plus-one,18,12,dst[e] to dst[e + 1],kept,17,0
smoothV-026,smoothV,index-minus-one,18,12,dst[e] to dst[e - 1],kept,45,0
smoothV-027,smoothV,swap-index-var,18,16,k to slen in dst[...],kept,200,0
smoothV-028,smoothV,swap-index-var,18,16,k to dlen in dst[...],kept,200,0
smoothV-029,smoothV,swap-index-var,18,16,k to last in dst[...],kept,45,0
smoothV-030,smoothV,swap-index-var,18,16,k to width in dst[...],kept,38,0
smoothV-031,smoothV,swap-index-var,18,16,k to i in dst[...],kept,45,0
histogram-000,histogram,start-minus-one,3,10,i = 0 to i = -1,kept,200,0
histogram-001,histogram,lt-to-le,3,28,< to <=,kept,200,0
histogram-002,histogram,bound-plus-one,3,30,dlen to dlen + 1,kept,200,0
histogram-003,histogram,swap-length,3,30,dlen to hlen,kept,53,0
histogram-004,histogram,index-plus-one,4,22,data[e] to data[e + 1],kept,189,0
histogram-005,histogram,index-minus-one,4,22,data[e] to data[e - 1],kept,189,0
histogram-006,histogram,swap-index-var,4,27,i to dlen in data[...],kept,189,0
histogram-007,histogram,swap-index-var,4,27,i to hlen in data[...],kept,55,0
histogram-008,histogram,index-plus-one,5,19,hist[e] to hist[e + 1],kept,147,0
histogram-009,histogram,index-minus-one,5,19,hist[e] to hist[e - 1],kept,145,0
histogram-010,histogram,swap-index-var,5,24,b to dlen in hist[...],kept,147,0
histogram-011,histogram,swap-index-var,5,24,b to hlen in hist[...],kept,189,0
histogram-012,histogram,swap-index-var,5,24,b to i in hist[...],kept,134,0
histogram-013,histogram,index-plus-one,5,9,hist[e] to hist[e + 1],kept,147,0
histogram-014,histogram,index-minus-one,5,9,hist[e] to hist[e - 1],kept,145,0
histogram-015,histogram,swap-index-var,5,14,b to dlen in hist[...],kept,147,0
histogram-016,histogram,swap-index-var,5,14,b to hlen in hist[...],kept,189,0
histogram-017,histogram,swap-index-var,5,14,b to i in hist[...],kept,134,0
histogram-018,histogram,write-index-external,5,9,hist[e] = ... to hist[dlen] = ...,duplicate,0,0
histogram-019,histogram,write-index-external,5,9,hist[e] = ... to hist[hlen] = ...,duplicate,0,0
histogram-020,histogram,index-plus-one,7,12,hist[e] to hist[e + 1],kept,24,0
histogram-021,histogram,index-minus-one,7,12,hist[e] to hist[e - 1],kept,200,0
bubbleSort-000,bubbleSort,start-minus-one,3,10,i = 0 to i = -1,kept,200,0
bubbleSort-001,bubbleSort,lt-to-le,3,28,< to <=,not_triggerable,0,0
bubbleSort-002,bubbleSort,bound-plus-one,3,30,len to len + 1,not_triggerable,0,0
bubbleSort-003,bubbleSort,start-minus-one,4,14,j = 0 to j = -1,kept,184,0
bubbleSort-004,bubbleSort,lt-to-le,4,32,< to <=,kept,184,0
bubbleSort-005,bubbleSort,bound-plus-one,4,34,len to len + 1,kept,184,0
bubbleSort-006,bubbleSort,index-plus-one,5,26,arr[e] to arr[e + 1],not_triggerable,0,0
bubbleSort-007,bubbleSort,index-minus-one,5,26,arr[e] to arr[e - 1],kept,184,0
bubbleSort-008,bubbleSort,swap-index-var,5,30,j to len in arr[...],kept,184,0
bubbleSort-009,bubbleSort,swap-index-var,5,30,j to i in arr[...],not_triggerable,0,0
bubbleSort-010,bubbleSort,index-plus-one,6,26,arr[e] to arr[e + 1],kept,184,0
bubbleSort-011,bubbleSort,index-minus-one,6,26,arr[e] to arr[e - 1],not_triggerable,0,0
bubbleSort-012,bubbleSort,swap-index-var,6,30,j to len in arr[...],kept,184,0
bubbleSort-013,bubbleSort,swap-index-var,6,30,j to i in arr[...],not_triggerable,0,0
bubbleSort-014,bubbleSort,swap-index-var,6,30,j to x in arr[...],kept,184,0
bubbleSort-015,bubbleSort,remove-guard,7,13,if (c) {A} to A,not_triggerable,0,0
bubbleSort-016,bubbleSort,index-plus-one,8,17,arr[e] to arr[e + 1],not_triggerable,0,0
bubbleSort-017,bubbleSort,index-minus-one,8,17,arr[e] to arr[e - 1],kept,142,0
bubbleSort-018,bubbleSort,swap-index-var,8,21,j to len in arr[...],kept,174,0
bubbleSort-019,bubbleSort,swap-index-var,8,21,j to i in arr[...],not_triggerable,0,0
bubbleSort-020,bubbleSort,swap-index-var,8,21,j to x in arr[...],kept,171,0
bubbleSort-021,bubbleSort,swap-index-var,8,21,j to y in arr[...],kept,174,0
bubbleSort-022,bubbleSort,write-index-external,8,17,arr[e] = ... to arr[len] = ...,duplicate,0,0
bubbleSort-023,bubbleSort,index-plus-one,9,17,arr[e] to arr[e + 1],kept,68,0
bubbleSort-024,bubbleSort,index-minus-one,9,17,arr[e] to arr[e - 1],not_triggerable,0,0
bubbleSort-025,bubbleSort,swap-index-var,9,21,j to len in arr[...],kept,174,0
bubbleSort-026,bubbleSort,swap-index-var,9,21,j to i in arr[...],not_triggerable,0,0
bubbleSort-027,bubbleSort,swap-index-var,9,21,j to x in arr[...],kept,173,0
bubbleSort-028,bubbleSort,swap-index-var,9,21,j to y in arr[...],kept,174,0
bubbleSort-029,bubbleSort,write-index-external,9,17,arr[e] = ... to arr[len] = ...,kept,174,0
bubbleSort-030,bubbleSort,index-plus-one,13,12,arr[e] to arr[e + 1],kept,16,0
bubbleSort-031,bubbleSort,index-minus-one,13,12,arr[e] to arr[e - 1],kept,200,0
insertionSort-000,insertionSort,lt-to-le,5,28,< to <=,kept,200,0
insertionSort-001,insertionSort,bound-plus-one,5,30,len to len + 1,kept,200,0
insertionSort-002,insertionSort,index-plus-one,6,24,arr[e] to arr[e + 1],kept,187,0
insertionSort-003,insertionSort,index-minus-one,6,24,arr[e] to arr[e - 1],not_triggerable,0,0
insertionSort-004,insertionSort,swap-index-var,6,28,i to len in arr[...],kept,187,0
insertionSort-005,insertionSort,remove-guard,10,13,if (c) {A} else {B} to B,kept,159,0
insertionSort-006,insertionSort,index-plus-one,13,30,arr[e] to arr[e + 1],not_triggerable,0,0
insertionSort-007,insertionSort,index-minus-one,13,30,arr[e] to arr[e - 1],kept,187,0
insertionSort-008,insertionSort,swap-index-var,13,34,j to len in arr[...],kept,187,0
insertionSort-009,insertionSort,swap-index-var,13,34,j to i in arr[...],not_triggerable,0,0
insertionSort-010,insertionSort,swap-index-var,13,34,j to key in arr[...],kept,185,0
insertionSort-011,insertionSort,remove-guard,14,17,if (c) {A} else {B} to A,not_triggerable,0,0
insertionSort-012,insertionSort,index-plus-one,15,21,arr[e] to arr[e + 1],kept,89,0
insertionSort-013,insertionSort,index-minus-one,15,21,arr[e] to arr[e - 1],not_triggerable,0,0
insertionSort-014,insertionSort,swap-index-var,15,25,j to len in arr[...],kept,178,0
insertionSort-015,insertionSort,swap-index-var,15,25,j to i in arr[...],kept,78,0
insertionSort-016,insertionSort,swap-index-var,15,25,j to key in arr[...],kept,178,0
insertionSort-017,insertionSort,swap-index-var,15,25,j to v in arr[...],kept,178,0
insertionSort-018,insertionSort,write-index-external,15,21,arr[e] = ... to arr[len] = ...,kept,178,0
insertionSort-019,insertionSort,index-plus-one,22,9,arr[e] to arr[e + 1],kept,173,0
insertionSort-020,insertionSort,index-minus-one,22,9,arr[e] to arr[e - 1],kept,177,0
insertionSort-021,insertionSort,swap-index-var,22,13,j to len in arr[...],kept,187,0
insertionSort-022,insertionSort,swap-index-var,22,13,j to i in arr[...],kept,187,0
insertionSort-023,insertionSort,swap-index-var,22,13,j to key in arr[...],kept,186,0
insertionSort-024,insertionSort,write-index-external,22,9,arr[e] = ... to arr[len] = ...,kept,187,0
insertionSort-025,insertionSort,index-plus-one,24,12,arr[e] to arr[e + 1],kept,13,0
insertionSort-026,insertionSort,index-minus-one,24,12,arr[e] to arr[e - 1],kept,200,0
binarySearch-000,binarySearch,start-minus-one,4,10,q = 0 to q = -1,kept,200,0
binarySearch-001,binarySearch,lt-to-le,4,28,< to <=,kept,200,0
binarySearch-002,binarySearch,bound-plus-one,4,30,qlen to qlen + 1,kept,200,0
binarySearch-003,binarySearch,swap-length,4,30,qlen to len,kept,139,0
binarySearch-004,binarySearch,index-plus-one,5,24,queries[e] to queries[e + 1],kept,172,0
binarySearch-005,binarySearch,index-minus-one,5,24,queries[e] to queries[e - 1],kept,172,0
binarySearch-006,binarySearch,swap-index-var,5,32,q to len in queries[...],kept,119,0
binarySearch-007,binarySearch,swap-index-var,5,32,q to qlen in queries[...],kept,172,0
binarySearch-008,binarySearch,swap-index-var,5,32,q to found in queries[...],not_triggerable,0,0
binarySearch-009,binarySearch,swap-length,7,23,len to qlen,kept,53,0
binarySearch-010,binarySearch,remove-guard,10,13,if (c) {A} else {B} to B,kept,9,160
binarySearch-011,binarySearch,index-plus-one,14,30,arr[e] to arr[e + 1],kept,145,0
binarySearch-012,binarySearch,index-minus-one,14,30,arr[e] to arr[e - 1],kept,104,0
binarySearch-013,binarySearch,swap-index-var,14,34,mid to len in arr[...],kept,163,0
binarySearch-014,binarySearch,swap-index-var,14,34,mid to qlen in arr[...],kept,50,0
binarySearch-015,binarySearch,swap-index-var,14,34,mid to found in arr[...],not_triggerable,0,0
binarySearch-016,binarySearch,swap-index-var,14,34,mid to q in arr[...],kept,44,0
binarySearch-017,binarySearch,swap-index-var,14,34,mid to key in arr[...],kept,158,0
binarySearch-018,binarySearch,swap-index-var,14,34,mid to lo in arr[...],not_triggerable,0,0
binarySearch-019,binarySearch,swap-index-var,14,34,mid to hi in arr[...],not_triggerable,0,0
gather-000,gather,start-minus-one,3,10,i = 0 to i = -1,kept,200,0
gather-001,gather,lt-to-le,3,28,< to <=,kept,200,0
gather-002,gather,bound-plus-one,3,30,ilen to ilen + 1,kept,200,0
gather-003,gather,swap-length,3,30,ilen to alen,kept,96,0
gather-004,gather,swap-length,3,30,ilen to olen,not_triggerable,0,0
gather-005,gather,index-plus-one,4,18,a[e] to a[e + 1],kept,123,0
gather-006,gather,index-minus-one,4,18,a[e] to a[e - 1],kept,122,0
gather-007,gather,index-plus-one,4,20,idx[e] to idx[e + 1],kept,200,0
gather-008,gather,index-minus-one,4,20,idx[e] to idx[e - 1],kept,200,0
gather-009,gather,swap-index-var,4,24,i to alen in idx[...],kept,108,0
gather-010,gather,swap-index-var,4,24,i to ilen in idx[...],kept,200,0
gather-011,gather,swap-index-var,4,24,i to olen in idx[...],kept,200,0
gather-012,gather,index-plus-one,4,9,out[e] to out[e + 1],kept,200,0
gather-013,gather,index-minus-one,4,9,out[e] to out[e - 1],kept,200,0
gather-014,gather,swap-index-var,4,13,i to alen in out[...],kept,108,0
gather-015,gather,swap-index-var,4,13,i to ilen in out[...],kept,200,0
gather-016,gather,swap-index-var,4,13,i to olen in out[...],kept,200,0
gather-017,gather,write-index-external,4,9,out[e] = ... to out[alen] = ...,duplicate,0,0
gather-018,gather,write-index-external,4,9,out[e] = ... to out[ilen] = ...,duplicate,0,0
gather-019,gather,write-index-external,4,9,out[e] = ... to out[olen] = ...,duplicate,0,0
gather-020,gather,index-plus-one,6,12,out[e] to out[e + 1],kept,13,0
gather-021,gather,index-minus-one,6,12,out[e] to out[e - 1],kept,200,0
scatter-000,scatter,start-minus-one,3,10,i = 0 to i = -1,kept,200,0
scatter-001,scatter,lt-to-le,3,28,< to <=,kept,200,0
scatter-002,scatter,bound-plus-one,3,30,alen to alen + 1,kept,200,0
scatter-003,scatter,swap-length,3,30,alen to ilen,not_triggerable,0,0
scatter-004,scatter,swap-length,3,30,alen to olen,kept,107,0
scatter-005,scatter,index-plus-one,4,23,a[e] to a[e + 1],kept,184,0
scatter-006,scatter,index-minus-one,4,23,a[e] to a[e - 1],kept,184,0
scatter-007,scatter,swap-index-var,4,25,i to alen in a[...],kept,184,0
scatter-008,scatter,swap-index-var,4,25,i to ilen in a[...],kept,184,0
scatter-009,scatter,swap-index-var,4,25,i to olen in a[...],kept,105,0
scatter-010,scatter,index-plus-one,4,9,out[e] to out[e + 1],kept,106,0
scatter-011,scatter,index-minus-one,4,9,out[e] to out[e - 1],kept,117,0
scatter-012,scatter,write-index-external,4,9,out[e] = ... to out[alen] = ...,kept,93,0
scatter-013,scatter,write-index-external,4,9,out[e] = ... to out[ilen] = ...,kept,93,0
scatter-014,scatter,write-index-external,4,9,out[e] = ... to out[olen] = ...,kept,184,0
scatter-015,scatter,index-plus-one,4,13,idx[e] to idx[e + 1],kept,184,0
scatter-016,scatter,index-minus-one,4,13,idx[e] to idx[e - 1],kept,184,0
scatter-017,scatter,swap-index-var,4,17,i to alen in idx[...],kept,184,0
scatter-018,scatter,swap-index-var,4,17,i to ilen in idx[...],kept,184,0
scatter-019,scatter,swap-index-var,4,17,i to olen in idx[...],kept,105,0
scatter-020,scatter,index-plus-one,6,12,out[e] to out[e + 1],kept,16,0
scatter-021,scatter,index-minus-one,6,12,out[e] to out[e - 1],kept,200,0
reverse-000,reverse,start-minus-one,4,10,i = 0 to i = -1,kept,200,0
reverse-001,reverse,lt-to-le,4,28,< to <=,not_triggerable,0,0
reverse-002,reverse,index-plus-one,6,22,arr[e] to arr[e + 1],not_triggerable,0,0
reverse-003,reverse,index-minus-one,6,22,arr[e] to arr[e - 1],kept,193,0
reverse-004,reverse,swap-index-var,6,26,i to len in arr[...],kept,193,0
reverse-005,reverse,swap-index-var,6,26,i to half in arr[...],not_triggerable,0,0
reverse-006,reverse,swap-index-var,6,26,i to j in arr[...],not_triggerable,0,0
reverse-007,reverse,index-plus-one,7,18,arr[e] to arr[e + 1],kept,193,0
reverse-008,reverse,index-minus-one,7,18,arr[e] to arr[e - 1],not_triggerable,0,0
reverse-009,reverse,swap-index-var,7,22,j to len in arr[...],kept,193,0
reverse-010,reverse,swap-index-var,7,22,j to half in arr[...],not_triggerable,0,0
reverse-011,reverse,swap-index-var,7,22,j to i in arr[...],not_triggerable,0,0
reverse-012,reverse,swap-index-var,7,22,j to t in arr[...],kept,193,0
reverse-013,reverse,index-plus-one,7,9,arr[e] to arr[e + 1],not_triggerable,0,0
reverse-014,reverse,index-minus-one,7,9,arr[e] to arr[e - 1],kept,193,0
reverse-015,reverse,swap-index-var,7,13,i to len in arr[...],kept,193,0
reverse-016,reverse,swap-index-var,7,13,i to half in arr[...],not_triggerable,0,0
reverse-017,reverse,swap-index-var,7,13,i to j in arr[...],not_triggerable,0,0
reverse-018,reverse,swap-index-var,7,13,i to t in arr[...],kept,193,0
reverse-019,reverse,write-index-external,7,9,arr[e] = ... to arr[len] = ...,duplicate,0,0
reverse-020,reverse,index-plus-one,8,9,arr[e] to arr[e + 1],kept,193,0
reverse-021,reverse,index-minus-one,8,9,arr[e] to arr[e - 1],not_triggerable,0,0
reverse-022,reverse,swap-index-var,8,13,j to len in arr[...],kept,193,0
reverse-023,reverse,swap-index-var,8,13,j to half in arr[...],not_triggerable,0,0
reverse-024,reverse,swap-index-var,8,13,j to i in arr[...],not_triggerable,0,0
reverse-025,reverse,swap-index-var,8,13,j to t in arr[...],kept,193,0
reverse-026,reverse,write-index-external,8,9,arr[e] = ... to arr[len] = ...,duplicate,0,0
reverse-027,reverse,index-plus-one,10,12,arr[e] to arr[e + 1],kept,7,0
reverse-028,reverse,index-minus-one,10,12,arr[e] to arr[e - 1],kept,200,0
insertionSort-027,insertionSort,if-lt-to-le,10,19,if < to <=,not_triggerable,0,0
binarySearch-020,binarySearch,if-lt-to-le,18,30,if < to <=,not_triggerable,0,0
sumArray-007,sumArray,index-is-length,6,25,arr[e] to arr[len],duplicate,0,0
prefixSum-012,prefixSum,index-is-length,5,18,arr[e] to arr[len],kept,179,0
prefixSum-013,prefixSum,index-is-length,5,31,arr[e] to arr[len],duplicate,0,0
prefixSum-014,prefixSum,index-is-length,5,9,arr[e] to arr[len],duplicate,0,0
dot-014,dot,index-is-length,5,17,a[e] to a[alen],duplicate,0,0
dot-015,dot,index-is-length,5,24,b[e] to b[blen],duplicate,0,0
axpy-026,axpy,index-is-length,4,24,x[e] to x[xlen],duplicate,0,0
axpy-027,axpy,index-is-length,4,31,y[e] to y[ylen],duplicate,0,0
axpy-028,axpy,index-is-length,4,9,y[e] to y[ylen],duplicate,0,0
axpy-029,axpy,index-is-length,6,12,y[e] to y[ylen],kept,200,0
matvec-051,matvec,index-is-length,6,21,a[e] to a[alen],kept,157,0
matvec-052,matvec,index-is-length,6,39,x[e] to x[xlen],duplicate,0,0
matvec-053,matvec,index-is-length,8,9,out[e] to out[outlen],duplicate,0,0
matvec-054,matvec,index-is-length,10,12,out[e] to out[outlen],kept,200,0
stencil-023,stencil,index-is-length,7,18,src[e] to src[slen],kept,186,0
stencil-024,stencil,index-is-length,7,31,src[e] to src[slen],duplicate,0,0
stencil-025,stencil,index-is-length,7,40,src[e] to src[slen],kept,186,0
stencil-026,stencil,index-is-length,7,9,dst[e] to dst[dlen],duplicate,0,0
stencil-027,stencil,index-is-length,10,12,dst[e] to dst[dlen],kept,200,0
stencilV-026,stencilV,index-is-length,7,18,src[e] to src[slen],kept,189,0
stencilV-027,stencilV,index-is-length,7,31,src[e] to src[slen],duplicate,0,0
stencilV-028,stencilV,index-is-length,7,40,src[e] to src[slen],kept,189,0
stencilV-029,stencilV,index-is-length,7,9,dst[e] to dst[dlen],duplicate,0,0
stencilV-030,stencilV,index-is-length,10,12,dst[e] to dst[dlen],kept,200,0
smooth-025,smooth,index-is-length,9,21,src[e] to src[slen],duplicate,0,0
smooth-026,smooth,index-is-length,12,9,dst[e] to dst[dlen],duplicate,0,0
smooth-027,smooth,index-is-length,15,12,dst[e] to dst[dlen],duplicate,0,0
smoothV-032,smoothV,index-is-length,12,21,src[e] to src[slen],duplicate,0,0
smoothV-033,smoothV,index-is-length,15,9,dst[e] to dst[dlen],duplicate,0,0
smoothV-034,smoothV,index-is-length,18,12,dst[e] to dst[dlen],duplicate,0,0
histogram-022,histogram,index-is-length,4,22,data[e] to data[dlen],duplicate,0,0
histogram-023,histogram,index-is-length,5,19,hist[e] to hist[hlen],duplicate,0,0
histogram-024,histogram,index-is-length,5,9,hist[e] to hist[hlen],duplicate,0,0
histogram-025,histogram,index-is-length,7,12,hist[e] to hist[hlen],kept,200,0
bubbleSort-032,bubbleSort,index-is-length,5,26,arr[e] to arr[len],duplicate,0,0
bubbleSort-033,bubbleSort,index-is-length,6,26,arr[e] to arr[len],kept,184,0
bubbleSort-034,bubbleSort,index-is-length,8,17,arr[e] to arr[len],duplicate,0,0
bubbleSort-035,bubbleSort,index-is-length,9,17,arr[e] to arr[len],duplicate,0,0
bubbleSort-036,bubbleSort,index-is-length,13,12,arr[e] to arr[len],kept,200,0
insertionSort-028,insertionSort,index-is-length,6,24,arr[e] to arr[len],duplicate,0,0
insertionSort-029,insertionSort,index-is-length,13,30,arr[e] to arr[len],duplicate,0,0
insertionSort-030,insertionSort,index-is-length,15,21,arr[e] to arr[len],duplicate,0,0
insertionSort-031,insertionSort,index-is-length,22,9,arr[e] to arr[len],duplicate,0,0
insertionSort-032,insertionSort,index-is-length,24,12,arr[e] to arr[len],kept,200,0
binarySearch-021,binarySearch,index-is-length,5,24,queries[e] to queries[qlen],duplicate,0,0
binarySearch-022,binarySearch,index-is-length,14,30,arr[e] to arr[len],duplicate,0,0
gather-022,gather,index-is-length,4,18,a[e] to a[alen],kept,200,0
gather-023,gather,index-is-length,4,20,idx[e] to idx[ilen],duplicate,0,0
gather-024,gather,index-is-length,4,9,out[e] to out[olen],duplicate,0,0
gather-025,gather,index-is-length,6,12,out[e] to out[olen],kept,200,0
scatter-022,scatter,index-is-length,4,23,a[e] to a[alen],duplicate,0,0
scatter-023,scatter,index-is-length,4,9,out[e] to out[olen],duplicate,0,0
scatter-024,scatter,index-is-length,4,13,idx[e] to idx[ilen],duplicate,0,0
scatter-025,scatter,index-is-length,6,12,out[e] to out[olen],kept,200,0
reverse-029,reverse,index-is-length,6,22,arr[e] to arr[len],duplicate,0,0
reverse-030,reverse,index-is-length,7,18,arr[e] to arr[len],duplicate,0,0
reverse-031,reverse,index-is-length,7,9,arr[e] to arr[len],duplicate,0,0
reverse-032,reverse,index-is-length,8,9,arr[e] to arr[len],duplicate,0,0
reverse-033,reverse,index-is-length,10,12,arr[e] to arr[len],kept,200,0
