bench,split,variant,tau,checks_executed,checks_full,omitted,coverage,ext_write_sites,ext_write_protected
sumArray,heldout,default,0.5,0,2000000,0,1,0,0
sumArray,heldout,no_wP,0.5,0,2000000,0,1,0,0
sumArray,heldout,no_wC,0.5,0,2000000,0,1,0,0
sumArray,heldout,no_wW,0.5,0,2000000,0,1,0,0
prefixSum,tuning,default,0.5,0,5999997,0,1,0,0
prefixSum,tuning,no_wP,0.5,0,5999997,0,1,0,0
prefixSum,tuning,no_wC,0.5,0,5999997,0,1,0,0
prefixSum,tuning,no_wW,0.5,0,5999997,0,1,0,0
dot,heldout,default,0.5,0,4000000,1,0.5,0,0
dot,heldout,no_wP,0.5,0,4000000,1,0.5,0,0
dot,heldout,no_wC,0.5,0,4000000,1,0.5,0,0
dot,heldout,no_wW,0.5,0,4000000,1,0.5,0,0
axpy,tuning,default,0.5,0,6000001,4,0,0,0
axpy,tuning,no_wP,0.5,0,6000001,4,0,0,0
axpy,tuning,no_wC,0.5,0,6000001,4,0,0,0
axpy,tuning,no_wW,0.5,0,6000001,4,0,0,0
matvec,heldout,default,0.5,1600225,3201716,3,0.25,0,0
matvec,heldout,no_wP,0.5,0,3201716,4,0,0,0
matvec,heldout,no_wC,0.5,0,3201716,4,0,0,0
matvec,heldout,no_wW,0.5,1600225,3201716,3,0.25,0,0
stencil,heldout,default,0.5,0,7999993,5,0,0,0
stencil,heldout,no_wP,0.5,0,7999993,5,0,0,0
stencil,heldout,no_wC,0.5,0,7999993,5,0,0,0
stencil,heldout,no_wW,0.5,0,7999993,5,0,0,0
stencilV,tuning,default,0.5,0,7999993,5,0,0,0
stencilV,tuning,no_wP,0.5,0,7999993,5,0,0,0
stencilV,tuning,no_wC,0.5,0,7999993,5,0,0,0
stencilV,tuning,no_wW,0.5,0,7999993,5,0,0,0
smooth,tuning,default,0.5,4999921,4999921,0,1,1,1
smooth,tuning,no_wP,0.5,499992,4999921,2,0.3333333333333333,1,1
smooth,tuning,no_wC,0.5,499992,4999921,2,0.3333333333333333,1,1
smooth,tuning,no_wW,0.5,4999921,4999921,0,1,1,1
smoothV,heldout,default,0.5,1,4999921,0,1,1,1
smoothV,heldout,no_wP,0.5,0,4999921,2,0.3333333333333333,1,1
smoothV,heldout,no_wC,0.5,0,4999921,2,0.3333333333333333,1,1
smoothV,heldout,no_wW,0.5,1,4999921,0,1,1,1
histogram,tuning,default,0.5,4000000,6000001,1,0.75,1,1
histogram,tuning,no_wP,0.5,2000000,6000001,2,0.5,1,1
histogram,tuning,no_wC,0.5,2000000,6000001,2,0.5,1,1
histogram,tuning,no_wW,0.5,4000000,6000001,1,0.75,1,1
bubbleSort,tuning,default,0.5,0,5382059,5,0,0,0
bubbleSort,tuning,no_wP,0.5,0,5382059,5,0,0,0
bubbleSort,tuning,no_wC,0.5,0,5382059,5,0,0,0
bubbleSort,tuning,no_wW,0.5,0,5382059,5,0,0,0
insertionSort,heldout,default,0.5,0,3204988,4,0.2,0,0
insertionSort,heldout,no_wP,0.5,0,3204988,4,0.2,0,0
insertionSort,heldout,no_wC,0.5,0,3204988,4,0.2,0,0
insertionSort,heldout,no_wW,0.5,0,3204988,4,0.2,0,0
binarySearch,heldout,default,0.5,2300300,2500300,0,1,0,0
binarySearch,heldout,no_wP,0.5,0,2500300,1,0.5,0,0
binarySearch,heldout,no_wC,0.5,0,2500300,1,0.5,0,0
binarySearch,heldout,no_wW,0.5,2300300,2500300,0,1,0,0
gather,tuning,default,0.5,2000000,6000001,2,0.5,0,0
gather,tuning,no_wP,0.5,0,6000001,3,0.25,0,0
gather,tuning,no_wC,0.5,0,6000001,3,0.25,0,0
gather,tuning,no_wW,0.5,2000000,6000001,2,0.5,0,0
scatter,heldout,default,0.5,2000000,6000001,2,0.5,1,1
scatter,heldout,no_wP,0.5,2000000,6000001,2,0.5,1,1
scatter,heldout,no_wC,0.5,2000000,6000001,2,0.5,1,1
scatter,heldout,no_wW,0.5,2000000,6000001,2,0.5,1,1
reverse,tuning,default,0.5,2000000,4000001,3,0.4,1,1
reverse,tuning,no_wP,0.5,1000000,4000001,4,0.2,1,1
reverse,tuning,no_wC,0.5,1000000,4000001,4,0.2,1,1
reverse,tuning,no_wW,0.5,2000000,4000001,3,0.4,1,1
