bench,config,checks_executed,guards_executed,checks_full,output_matches_full
sumArray,none,0,0,2000000,true
sumArray,full,2000000,0,2000000,true
sumArray,proof,0,0,2000000,true
sumArray,strict,0,0,2000000,true
sumArray,balanced,0,0,2000000,true
sumArray,performance,0,0,2000000,true
sumArray,budget:0.25,0,0,2000000,true
sumArray,budget:0.5,0,0,2000000,true
sumArray,chuang,0,0,2000000,true
prefixSum,none,0,0,5999997,true
prefixSum,full,5999997,0,5999997,true
prefixSum,proof,0,0,5999997,true
prefixSum,strict,0,0,5999997,true
prefixSum,balanced,0,0,5999997,true
prefixSum,performance,0,0,5999997,true
prefixSum,budget:0.25,0,0,5999997,true
prefixSum,budget:0.5,0,0,5999997,true
prefixSum,chuang,0,0,5999997,true
dot,none,0,0,4000000,true
dot,full,4000000,0,4000000,true
dot,proof,2000000,0,4000000,true
dot,strict,0,1,4000000,true
dot,balanced,0,0,4000000,true
dot,performance,0,0,4000000,true
dot,budget:0.25,0,0,4000000,true
dot,budget:0.5,0,1,4000000,true
dot,chuang,0,0,4000000,true
axpy,none,0,0,6000001,true
axpy,full,6000001,0,6000001,true
axpy,proof,6000001,0,6000001,true
axpy,strict,1,1,6000001,true
axpy,balanced,0,0,6000001,true
axpy,performance,0,0,6000001,true
axpy,budget:0.25,1,0,6000001,true
axpy,budget:0.5,1,1,6000001,true
axpy,chuang,2000000,0,6000001,true
matvec,none,0,0,3201716,true
matvec,full,3201716,0,3201716,true
matvec,proof,3201716,0,3201716,true
matvec,strict,1600226,1266,3201716,true
matvec,balanced,1600225,0,3201716,true
matvec,performance,0,0,3201716,true
matvec,budget:0.25,1,1,3201716,true
matvec,budget:0.5,1,1,3201716,true
matvec,chuang,1265,0,3201716,true
stencil,none,0,0,7999993,true
stencil,full,7999993,0,7999993,true
stencil,proof,7999993,0,7999993,true
stencil,strict,7999993,0,7999993,true
stencil,balanced,0,0,7999993,true
stencil,performance,0,0,7999993,true
stencil,budget:0.25,1,0,7999993,true
stencil,budget:0.5,1999999,0,7999993,true
stencil,chuang,1999998,0,7999993,true
stencilV,none,0,0,7999993,true
stencilV,full,7999993,0,7999993,true
stencilV,proof,7999993,0,7999993,true
stencilV,strict,1,1,7999993,true
stencilV,balanced,0,0,7999993,true
stencilV,performance,0,0,7999993,true
stencilV,budget:0.25,1,0,7999993,true
stencilV,budget:0.5,1,1,7999993,true
stencilV,chuang,1999998,0,7999993,true
smooth,none,0,0,4999921,true
smooth,full,4999921,0,4999921,true
smooth,proof,4999921,0,4999921,true
smooth,strict,4999921,0,4999921,true
smooth,balanced,4999921,0,4999921,true
smooth,performance,499992,0,4999921,true
smooth,budget:0.25,499993,0,4999921,true
smooth,budget:0.5,499993,0,4999921,true
smooth,chuang,499992,0,4999921,true
smoothV,none,0,0,4999921,true
smoothV,full,4999921,0,4999921,true
smoothV,proof,4999921,0,4999921,true
smoothV,strict,1,499993,4999921,true
smoothV,balanced,1,499993,4999921,true
smoothV,performance,0,1,4999921,true
smoothV,budget:0.25,1,1,4999921,true
smoothV,budget:0.5,1,1,4999921,true
smoothV,chuang,499992,0,4999921,true
histogram,none,0,0,6000001,true
histogram,full,6000001,0,6000001,true
histogram,proof,4000001,0,6000001,true
histogram,strict,4000001,0,6000001,true
histogram,balanced,4000000,0,6000001,true
histogram,performance,2000000,0,6000001,true
histogram,budget:0.25,1,0,6000001,true
histogram,budget:0.5,2000001,0,6000001,true
histogram,chuang,2000000,0,6000001,true
bubbleSort,none,0,0,5382059,true
bubbleSort,full,5382059,0,5382059,true
bubbleSort,proof,5382059,0,5382059,true
bubbleSort,strict,5382059,0,5382059,true
bubbleSort,balanced,0,0,5382059,true
bubbleSort,performance,0,0,5382059,true
bubbleSort,budget:0.25,1,0,5382059,true
bubbleSort,budget:0.5,892674,0,5382059,true
bubbleSort,chuang,1785346,0,5382059,true
insertionSort,none,0,0,3204988,true
insertionSort,full,3204988,0,3204988,true
insertionSort,proof,3202459,0,3204988,true
insertionSort,strict,3202459,0,3204988,true
insertionSort,balanced,0,0,3204988,true
insertionSort,performance,0,0,3204988,true
insertionSort,budget:0.25,2530,0,3204988,true
insertionSort,budget:0.5,2530,0,3204988,true
insertionSort,chuang,1601232,0,3204988,true
binarySearch,none,0,0,2500300,true
binarySearch,full,2500300,0,2500300,true
binarySearch,proof,2300300,0,2500300,true
binarySearch,strict,2300300,0,2500300,true
binarySearch,balanced,2300300,0,2500300,true
binarySearch,performance,0,0,2500300,true
binarySearch,budget:0.25,0,0,2500300,true
binarySearch,budget:0.5,0,0,2500300,true
binarySearch,chuang,0,0,2500300,true
gather,none,0,0,6000001,true
gather,full,6000001,0,6000001,true
gather,proof,4000001,0,6000001,true
gather,strict,2000001,1,6000001,true
gather,balanced,2000000,0,6000001,true
gather,performance,0,0,6000001,true
gather,budget:0.25,1,0,6000001,true
gather,budget:0.5,2000001,0,6000001,true
gather,chuang,2000000,0,6000001,true
scatter,none,0,0,6000001,true
scatter,full,6000001,0,6000001,true
scatter,proof,4000001,0,6000001,true
scatter,strict,2000001,1,6000001,true
scatter,balanced,2000000,0,6000001,true
scatter,performance,2000000,0,6000001,true
scatter,budget:0.25,1,0,6000001,true
scatter,budget:0.5,2000001,0,6000001,true
scatter,chuang,2000000,0,6000001,true
reverse,none,0,0,4000001,true
reverse,full,4000001,0,4000001,true
reverse,proof,4000001,0,4000001,true
reverse,strict,2000001,1,4000001,true
reverse,balanced,2000000,0,4000001,true
reverse,performance,1000000,0,4000001,true
reverse,budget:0.25,1,0,4000001,true
reverse,budget:0.5,1000001,0,4000001,true
reverse,chuang,2000000,0,4000001,true
