bug,config,access,index,buggy_check,decision,outcome,trap,trap_check,sentinels_intact
offByOneRead,none,read,internal,0,omit,missed_benign,,,true
offByOneRead,full,read,internal,0,retain,detected,unreachable,0,true
offByOneRead,proof,read,internal,0,retain,detected,unreachable,0,true
offByOneRead,strict,read,internal,0,hoist,detected,unreachable,0,true
offByOneRead,balanced,read,internal,0,omit,missed_benign,,,true
offByOneRead,performance,read,internal,0,omit,missed_benign,,,true
offByOneRead,budget:0.25,read,internal,0,omit,missed_benign,,,true
offByOneRead,budget:0.5,read,internal,0,omit,missed_benign,,,true
offByOneRead,chuang,read,internal,0,omit,missed_benign,,,true
offByOneRead,threshold:0,read,internal,0,hoist,detected,unreachable,0,true
offByOneRead,threshold:0.05,read,internal,0,hoist,detected,unreachable,0,true
offByOneRead,threshold:0.1,read,internal,0,hoist,detected,unreachable,0,true
offByOneRead,threshold:0.15,read,internal,0,hoist,detected,unreachable,0,true
offByOneRead,threshold:0.2,read,internal,0,hoist,detected,unreachable,0,true
offByOneRead,threshold:0.25,read,internal,0,hoist,detected,unreachable,0,true
offByOneRead,threshold:0.3,read,internal,0,hoist,detected,unreachable,0,true
offByOneRead,threshold:0.35,read,internal,0,hoist,detected,unreachable,0,true
offByOneRead,threshold:0.4,read,internal,0,omit,missed_benign,,,true
offByOneRead,threshold:0.45,read,internal,0,omit,missed_benign,,,true
offByOneRead,threshold:0.5,read,internal,0,omit,missed_benign,,,true
offByOneRead,threshold:0.55,read,internal,0,omit,missed_benign,,,true
offByOneRead,threshold:0.6,read,internal,0,omit,missed_benign,,,true
offByOneRead,threshold:0.65,read,internal,0,omit,missed_benign,,,true
offByOneRead,threshold:0.7,read,internal,0,omit,missed_benign,,,true
offByOneRead,threshold:0.75,read,internal,0,omit,missed_benign,,,true
offByOneRead,threshold:0.8,read,internal,0,omit,missed_benign,,,true
offByOneRead,threshold:0.85,read,internal,0,omit,missed_benign,,,true
offByOneRead,threshold:0.9,read,internal,0,omit,missed_benign,,,true
offByOneRead,threshold:0.95,read,internal,0,omit,missed_benign,,,true
offByOneRead,threshold:1,read,internal,0,omit,missed_benign,,,true
offByOneWrite,none,write,internal,0,omit,silent_corruption,,,false
offByOneWrite,full,write,internal,0,retain,detected,unreachable,0,true
offByOneWrite,proof,write,internal,0,retain,detected,unreachable,0,true
offByOneWrite,strict,write,internal,0,hoist,detected,unreachable,0,true
offByOneWrite,balanced,write,internal,0,hoist,detected,unreachable,0,true
offByOneWrite,performance,write,internal,0,omit,silent_corruption,,,false
offByOneWrite,budget:0.25,write,internal,0,omit,silent_corruption,,,false
offByOneWrite,budget:0.5,write,internal,0,omit,silent_corruption,,,false
offByOneWrite,chuang,write,internal,0,retain,detected,unreachable,0,true
offByOneWrite,threshold:0,write,internal,0,hoist,detected,unreachable,0,true
offByOneWrite,threshold:0.05,write,internal,0,hoist,detected,unreachable,0,true
offByOneWrite,threshold:0.1,write,internal,0,hoist,detected,unreachable,0,true
offByOneWrite,threshold:0.15,write,internal,0,hoist,detected,unreachable,0,true
offByOneWrite,threshold:0.2,write,internal,0,hoist,detected,unreachable,0,true
offByOneWrite,threshold:0.25,write,internal,0,hoist,detected,unreachable,0,true
offByOneWrite,threshold:0.3,write,internal,0,hoist,detected,unreachable,0,true
offByOneWrite,threshold:0.35,write,internal,0,hoist,detected,unreachable,0,true
offByOneWrite,threshold:0.4,write,internal,0,hoist,detected,unreachable,0,true
offByOneWrite,threshold:0.45,write,internal,0,hoist,detected,unreachable,0,true
offByOneWrite,threshold:0.5,write,internal,0,hoist,detected,unreachable,0,true
offByOneWrite,threshold:0.55,write,internal,0,hoist,detected,unreachable,0,true
offByOneWrite,threshold:0.6,write,internal,0,hoist,detected,unreachable,0,true
offByOneWrite,threshold:0.65,write,internal,0,omit,silent_corruption,,,false
offByOneWrite,threshold:0.7,write,internal,0,omit,silent_corruption,,,false
offByOneWrite,threshold:0.75,write,internal,0,omit,silent_corruption,,,false
offByOneWrite,threshold:0.8,write,internal,0,omit,silent_corruption,,,false
offByOneWrite,threshold:0.85,write,internal,0,omit,silent_corruption,,,false
offByOneWrite,threshold:0.9,write,internal,0,omit,silent_corruption,,,false
offByOneWrite,threshold:0.95,write,internal,0,omit,silent_corruption,,,false
offByOneWrite,threshold:1,write,internal,0,omit,silent_corruption,,,false
extIndexWrite,none,write,external,0,omit,silent_corruption,,,false
extIndexWrite,full,write,external,0,retain,detected,unreachable,0,true
extIndexWrite,proof,write,external,0,retain,detected,unreachable,0,true
extIndexWrite,strict,write,external,0,retain,detected,unreachable,0,true
extIndexWrite,balanced,write,external,0,retain,detected,unreachable,0,true
extIndexWrite,performance,write,external,0,retain,detected,unreachable,0,true
extIndexWrite,budget:0.25,write,external,0,omit,silent_corruption,,,false
extIndexWrite,budget:0.5,write,external,0,omit,silent_corruption,,,false
extIndexWrite,chuang,write,external,0,retain,detected,unreachable,0,true
extIndexWrite,threshold:0,write,external,0,retain,detected,unreachable,0,true
extIndexWrite,threshold:0.05,write,external,0,retain,detected,unreachable,0,true
extIndexWrite,threshold:0.1,write,external,0,retain,detected,unreachable,0,true
extIndexWrite,threshold:0.15,write,external,0,retain,detected,unreachable,0,true
extIndexWrite,threshold:0.2,write,external,0,retain,detected,unreachable,0,true
extIndexWrite,threshold:0.25,write,external,0,retain,detected,unreachable,0,true
extIndexWrite,threshold:0.3,write,external,0,retain,detected,unreachable,0,true
extIndexWrite,threshold:0.35,write,external,0,retain,detected,unreachable,0,true
extIndexWrite,threshold:0.4,write,external,0,retain,detected,unreachable,0,true
extIndexWrite,threshold:0.45,write,external,0,retain,detected,unreachable,0,true
extIndexWrite,threshold:0.5,write,external,0,retain,detected,unreachable,0,true
extIndexWrite,threshold:0.55,write,external,0,retain,detected,unreachable,0,true
extIndexWrite,threshold:0.6,write,external,0,retain,detected,unreachable,0,true
extIndexWrite,threshold:0.65,write,external,0,retain,detected,unreachable,0,true
extIndexWrite,threshold:0.7,write,external,0,retain,detected,unreachable,0,true
extIndexWrite,threshold:0.75,write,external,0,retain,detected,unreachable,0,true
extIndexWrite,threshold:0.8,write,external,0,retain,detected,unreachable,0,true
extIndexWrite,threshold:0.85,write,external,0,retain,detected,unreachable,0,true
extIndexWrite,threshold:0.9,write,external,0,retain,detected,unreachable,0,true
extIndexWrite,threshold:0.95,write,external,0,retain,detected,unreachable,0,true
extIndexWrite,threshold:1,write,external,0,retain,detected,unreachable,0,true
counterError,none,write,internal,2,omit,silent_corruption,,,false
counterError,full,write,internal,2,retain,detected,unreachable,2,true
counterError,proof,write,internal,2,retain,detected,unreachable,2,true
counterError,strict,write,internal,2,retain,detected,unreachable,2,true
counterError,balanced,write,internal,2,retain,detected,unreachable,2,true
counterError,performance,write,internal,2,omit,silent_corruption,,,false
counterError,budget:0.25,write,internal,2,omit,silent_corruption,,,false
counterError,budget:0.5,write,internal,2,retain,detected,unreachable,2,true
counterError,chuang,write,internal,2,retain,detected,unreachable,2,true
counterError,threshold:0,write,internal,2,retain,detected,unreachable,2,true
counterError,threshold:0.05,write,internal,2,retain,detected,unreachable,2,true
counterError,threshold:0.1,write,internal,2,retain,detected,unreachable,2,true
counterError,threshold:0.15,write,internal,2,retain,detected,unreachable,2,true
counterError,threshold:0.2,write,internal,2,retain,detected,unreachable,2,true
counterError,threshold:0.25,write,internal,2,retain,detected,unreachable,2,true
counterError,threshold:0.3,write,internal,2,retain,detected,unreachable,2,true
counterError,threshold:0.35,write,internal,2,retain,detected,unreachable,2,true
counterError,threshold:0.4,write,internal,2,retain,detected,unreachable,2,true
counterError,threshold:0.45,write,internal,2,retain,detected,unreachable,2,true
counterError,threshold:0.5,write,internal,2,retain,detected,unreachable,2,true
counterError,threshold:0.55,write,internal,2,retain,detected,unreachable,2,true
counterError,threshold:0.6,write,internal,2,retain,detected,unreachable,2,true
counterError,threshold:0.65,write,internal,2,omit,silent_corruption,,,false
counterError,threshold:0.7,write,internal,2,omit,silent_corruption,,,false
counterError,threshold:0.75,write,internal,2,omit,silent_corruption,,,false
counterError,threshold:0.8,write,internal,2,omit,silent_corruption,,,false
counterError,threshold:0.85,write,internal,2,omit,silent_corruption,,,false
counterError,threshold:0.9,write,internal,2,omit,silent_corruption,,,false
counterError,threshold:0.95,write,internal,2,omit,silent_corruption,,,false
counterError,threshold:1,write,internal,2,omit,silent_corruption,,,false
readOverread,none,read,internal,0,omit,missed_benign,,,true
readOverread,full,read,internal,0,retain,detected,unreachable,0,true
readOverread,proof,read,internal,0,retain,detected,unreachable,0,true
readOverread,strict,read,internal,0,hoist,detected,unreachable,0,true
readOverread,balanced,read,internal,0,omit,missed_benign,,,true
readOverread,performance,read,internal,0,omit,missed_benign,,,true
readOverread,budget:0.25,read,internal,0,omit,missed_benign,,,true
readOverread,budget:0.5,read,internal,0,hoist,detected,unreachable,0,true
readOverread,chuang,read,internal,0,omit,missed_benign,,,true
readOverread,threshold:0,read,internal,0,hoist,detected,unreachable,0,true
readOverread,threshold:0.05,read,internal,0,hoist,detected,unreachable,0,true
readOverread,threshold:0.1,read,internal,0,hoist,detected,unreachable,0,true
readOverread,threshold:0.15,read,internal,0,hoist,detected,unreachable,0,true
readOverread,threshold:0.2,read,internal,0,omit,missed_benign,,,true
readOverread,threshold:0.25,read,internal,0,omit,missed_benign,,,true
readOverread,threshold:0.3,read,internal,0,omit,missed_benign,,,true
readOverread,threshold:0.35,read,internal,0,omit,missed_benign,,,true
readOverread,threshold:0.4,read,internal,0,omit,missed_benign,,,true
readOverread,threshold:0.45,read,internal,0,omit,missed_benign,,,true
readOverread,threshold:0.5,read,internal,0,omit,missed_benign,,,true
readOverread,threshold:0.55,read,internal,0,omit,missed_benign,,,true
readOverread,threshold:0.6,read,internal,0,omit,missed_benign,,,true
readOverread,threshold:0.65,read,internal,0,omit,missed_benign,,,true
readOverread,threshold:0.7,read,internal,0,omit,missed_benign,,,true
readOverread,threshold:0.75,read,internal,0,omit,missed_benign,,,true
readOverread,threshold:0.8,read,internal,0,omit,missed_benign,,,true
readOverread,threshold:0.85,read,internal,0,omit,missed_benign,,,true
readOverread,threshold:0.9,read,internal,0,omit,missed_benign,,,true
readOverread,threshold:0.95,read,internal,0,omit,missed_benign,,,true
readOverread,threshold:1,read,internal,0,omit,missed_benign,,,true
neighborCopy,none,write,internal,1,omit,silent_corruption,,,false
neighborCopy,full,write,internal,1,retain,detected,unreachable,1,true
neighborCopy,proof,write,internal,1,retain,detected,unreachable,1,true
neighborCopy,strict,write,internal,1,hoist,detected,unreachable,1,true
neighborCopy,balanced,write,internal,1,omit,silent_corruption,,,false
neighborCopy,performance,write,internal,1,omit,silent_corruption,,,false
neighborCopy,budget:0.25,write,internal,1,omit,silent_corruption,,,false
neighborCopy,budget:0.5,write,internal,1,hoist,detected,unreachable,1,true
neighborCopy,chuang,write,internal,1,retain,detected,unreachable,1,true
neighborCopy,threshold:0,write,internal,1,hoist,detected,unreachable,1,true
neighborCopy,threshold:0.05,write,internal,1,hoist,detected,unreachable,1,true
neighborCopy,threshold:0.1,write,internal,1,hoist,detected,unreachable,1,true
neighborCopy,threshold:0.15,write,internal,1,hoist,detected,unreachable,1,true
neighborCopy,threshold:0.2,write,internal,1,hoist,detected,unreachable,1,true
neighborCopy,threshold:0.25,write,internal,1,hoist,detected,unreachable,1,true
neighborCopy,threshold:0.3,write,internal,1,hoist,detected,unreachable,1,true
neighborCopy,threshold:0.35,write,internal,1,hoist,detected,unreachable,1,true
neighborCopy,threshold:0.4,write,internal,1,hoist,detected,unreachable,1,true
neighborCopy,threshold:0.45,write,internal,1,omit,silent_corruption,,,false
neighborCopy,threshold:0.5,write,internal,1,omit,silent_corruption,,,false
neighborCopy,threshold:0.55,write,internal,1,omit,silent_corruption,,,false
neighborCopy,threshold:0.6,write,internal,1,omit,silent_corruption,,,false
neighborCopy,threshold:0.65,write,internal,1,omit,silent_corruption,,,false
neighborCopy,threshold:0.7,write,internal,1,omit,silent_corruption,,,false
neighborCopy,threshold:0.75,write,internal,1,omit,silent_corruption,,,false
neighborCopy,threshold:0.8,write,internal,1,omit,silent_corruption,,,false
neighborCopy,threshold:0.85,write,internal,1,omit,silent_corruption,,,false
neighborCopy,threshold:0.9,write,internal,1,omit,silent_corruption,,,false
neighborCopy,threshold:0.95,write,internal,1,omit,silent_corruption,,,false
neighborCopy,threshold:1,write,internal,1,omit,silent_corruption,,,false
histBucket,none,write,external,1,omit,silent_corruption,,,false
histBucket,full,write,external,1,retain,detected,unreachable,1,true
histBucket,proof,write,external,1,retain,detected,unreachable,1,true
histBucket,strict,write,external,1,retain,detected,unreachable,1,true
histBucket,balanced,write,external,1,retain,detected,unreachable,1,true
histBucket,performance,write,external,1,retain,detected,unreachable,1,true
histBucket,budget:0.25,write,external,1,omit,silent_corruption,,,false
histBucket,budget:0.5,write,external,1,retain,detected,unreachable,1,true
histBucket,chuang,write,external,1,retain,detected,unreachable,1,true
histBucket,threshold:0,write,external,1,retain,detected,unreachable,1,true
histBucket,threshold:0.05,write,external,1,retain,detected,unreachable,1,true
histBucket,threshold:0.1,write,external,1,retain,detected,unreachable,1,true
histBucket,threshold:0.15,write,external,1,retain,detected,unreachable,1,true
histBucket,threshold:0.2,write,external,1,retain,detected,unreachable,1,true
histBucket,threshold:0.25,write,external,1,retain,detected,unreachable,1,true
histBucket,threshold:0.3,write,external,1,retain,detected,unreachable,1,true
histBucket,threshold:0.35,write,external,1,retain,detected,unreachable,1,true
histBucket,threshold:0.4,write,external,1,retain,detected,unreachable,1,true
histBucket,threshold:0.45,write,external,1,retain,detected,unreachable,1,true
histBucket,threshold:0.5,write,external,1,retain,detected,unreachable,1,true
histBucket,threshold:0.55,write,external,1,retain,detected,unreachable,1,true
histBucket,threshold:0.6,write,external,1,retain,detected,unreachable,1,true
histBucket,threshold:0.65,write,external,1,retain,detected,unreachable,1,true
histBucket,threshold:0.7,write,external,1,retain,detected,unreachable,1,true
histBucket,threshold:0.75,write,external,1,retain,detected,unreachable,1,true
histBucket,threshold:0.8,write,external,1,retain,detected,unreachable,1,true
histBucket,threshold:0.85,write,external,1,retain,detected,unreachable,1,true
histBucket,threshold:0.9,write,external,1,retain,detected,unreachable,1,true
histBucket,threshold:0.95,write,external,1,retain,detected,unreachable,1,true
histBucket,threshold:1,write,external,1,retain,detected,unreachable,1,true
gatherBadIdx,none,read,external,1,omit,missed_benign,,,true
gatherBadIdx,full,read,external,1,retain,detected,unreachable,1,true
gatherBadIdx,proof,read,external,1,retain,detected,unreachable,1,true
gatherBadIdx,strict,read,external,1,retain,detected,unreachable,1,true
gatherBadIdx,balanced,read,external,1,retain,detected,unreachable,1,true
gatherBadIdx,performance,read,external,1,omit,missed_benign,,,true
gatherBadIdx,budget:0.25,read,external,1,omit,missed_benign,,,true
gatherBadIdx,budget:0.5,read,external,1,retain,detected,unreachable,1,true
gatherBadIdx,chuang,read,external,1,omit,missed_benign,,,true
gatherBadIdx,threshold:0,read,external,1,retain,detected,unreachable,1,true
gatherBadIdx,threshold:0.05,read,external,1,retain,detected,unreachable,1,true
gatherBadIdx,threshold:0.1,read,external,1,retain,detected,unreachable,1,true
gatherBadIdx,threshold:0.15,read,external,1,retain,detected,unreachable,1,true
gatherBadIdx,threshold:0.2,read,external,1,retain,detected,unreachable,1,true
gatherBadIdx,threshold:0.25,read,external,1,retain,detected,unreachable,1,true
gatherBadIdx,threshold:0.3,read,external,1,retain,detected,unreachable,1,true
gatherBadIdx,threshold:0.35,read,external,1,retain,detected,unreachable,1,true
gatherBadIdx,threshold:0.4,read,external,1,retain,detected,unreachable,1,true
gatherBadIdx,threshold:0.45,read,external,1,retain,detected,unreachable,1,true
gatherBadIdx,threshold:0.5,read,external,1,retain,detected,unreachable,1,true
gatherBadIdx,threshold:0.55,read,external,1,retain,detected,unreachable,1,true
gatherBadIdx,threshold:0.6,read,external,1,retain,detected,unreachable,1,true
gatherBadIdx,threshold:0.65,read,external,1,retain,detected,unreachable,1,true
gatherBadIdx,threshold:0.7,read,external,1,retain,detected,unreachable,1,true
gatherBadIdx,threshold:0.75,read,external,1,retain,detected,unreachable,1,true
gatherBadIdx,threshold:0.8,read,external,1,omit,missed_benign,,,true
gatherBadIdx,threshold:0.85,read,external,1,omit,missed_benign,,,true
gatherBadIdx,threshold:0.9,read,external,1,omit,missed_benign,,,true
gatherBadIdx,threshold:0.95,read,external,1,omit,missed_benign,,,true
gatherBadIdx,threshold:1,read,external,1,omit,missed_benign,,,true
stencilEdge,none,read,internal,0,omit,missed_benign,,,true
stencilEdge,full,read,internal,0,retain,detected,unreachable,0,true
stencilEdge,proof,read,internal,0,retain,detected,unreachable,0,true
stencilEdge,strict,read,internal,0,hoist,detected,unreachable,0,true
stencilEdge,balanced,read,internal,0,omit,missed_benign,,,true
stencilEdge,performance,read,internal,0,omit,missed_benign,,,true
stencilEdge,budget:0.25,read,internal,0,omit,missed_benign,,,true
stencilEdge,budget:0.5,read,internal,0,hoist,detected,unreachable,0,true
stencilEdge,chuang,read,internal,0,omit,missed_benign,,,true
stencilEdge,threshold:0,read,internal,0,hoist,detected,unreachable,0,true
stencilEdge,threshold:0.05,read,internal,0,hoist,detected,unreachable,0,true
stencilEdge,threshold:0.1,read,internal,0,hoist,detected,unreachable,0,true
stencilEdge,threshold:0.15,read,internal,0,hoist,detected,unreachable,0,true
stencilEdge,threshold:0.2,read,internal,0,hoist,detected,unreachable,0,true
stencilEdge,threshold:0.25,read,internal,0,hoist,detected,unreachable,0,true
stencilEdge,threshold:0.3,read,internal,0,hoist,detected,unreachable,0,true
stencilEdge,threshold:0.35,read,internal,0,hoist,detected,unreachable,0,true
stencilEdge,threshold:0.4,read,internal,0,omit,missed_benign,,,true
stencilEdge,threshold:0.45,read,internal,0,omit,missed_benign,,,true
stencilEdge,threshold:0.5,read,internal,0,omit,missed_benign,,,true
stencilEdge,threshold:0.55,read,internal,0,omit,missed_benign,,,true
stencilEdge,threshold:0.6,read,internal,0,omit,missed_benign,,,true
stencilEdge,threshold:0.65,read,internal,0,omit,missed_benign,,,true
stencilEdge,threshold:0.7,read,internal,0,omit,missed_benign,,,true
stencilEdge,threshold:0.75,read,internal,0,omit,missed_benign,,,true
stencilEdge,threshold:0.8,read,internal,0,omit,missed_benign,,,true
stencilEdge,threshold:0.85,read,internal,0,omit,missed_benign,,,true
stencilEdge,threshold:0.9,read,internal,0,omit,missed_benign,,,true
stencilEdge,threshold:0.95,read,internal,0,omit,missed_benign,,,true
stencilEdge,threshold:1,read,internal,0,omit,missed_benign,,,true
reverseOffByOne,none,write,external,1,omit,silent_corruption,,,false
reverseOffByOne,full,write,external,1,retain,detected,unreachable,1,true
reverseOffByOne,proof,write,external,1,retain,detected,unreachable,1,true
reverseOffByOne,strict,write,external,1,retain,detected,unreachable,1,true
reverseOffByOne,balanced,write,external,1,retain,detected,unreachable,1,true
reverseOffByOne,performance,write,external,1,retain,detected,unreachable,1,true
reverseOffByOne,budget:0.25,write,external,1,omit,silent_corruption,,,false
reverseOffByOne,budget:0.5,write,external,1,retain,detected,unreachable,1,true
reverseOffByOne,chuang,write,external,1,retain,detected,unreachable,1,true
reverseOffByOne,threshold:0,write,external,1,retain,detected,unreachable,1,true
reverseOffByOne,threshold:0.05,write,external,1,retain,detected,unreachable,1,true
reverseOffByOne,threshold:0.1,write,external,1,retain,detected,unreachable,1,true
reverseOffByOne,threshold:0.15,write,external,1,retain,detected,unreachable,1,true
reverseOffByOne,threshold:0.2,write,external,1,retain,detected,unreachable,1,true
reverseOffByOne,threshold:0.25,write,external,1,retain,detected,unreachable,1,true
reverseOffByOne,threshold:0.3,write,external,1,retain,detected,unreachable,1,true
reverseOffByOne,threshold:0.35,write,external,1,retain,detected,unreachable,1,true
reverseOffByOne,threshold:0.4,write,external,1,retain,detected,unreachable,1,true
reverseOffByOne,threshold:0.45,write,external,1,retain,detected,unreachable,1,true
reverseOffByOne,threshold:0.5,write,external,1,retain,detected,unreachable,1,true
reverseOffByOne,threshold:0.55,write,external,1,retain,detected,unreachable,1,true
reverseOffByOne,threshold:0.6,write,external,1,retain,detected,unreachable,1,true
reverseOffByOne,threshold:0.65,write,external,1,retain,detected,unreachable,1,true
reverseOffByOne,threshold:0.7,write,external,1,retain,detected,unreachable,1,true
reverseOffByOne,threshold:0.75,write,external,1,retain,detected,unreachable,1,true
reverseOffByOne,threshold:0.8,write,external,1,retain,detected,unreachable,1,true
reverseOffByOne,threshold:0.85,write,external,1,retain,detected,unreachable,1,true
reverseOffByOne,threshold:0.9,write,external,1,retain,detected,unreachable,1,true
reverseOffByOne,threshold:0.95,write,external,1,retain,detected,unreachable,1,true
reverseOffByOne,threshold:1,write,external,1,retain,detected,unreachable,1,true
binarySearchHi,none,read,external,0,omit,missed_benign,,,true
binarySearchHi,full,read,external,0,retain,detected,unreachable,0,true
binarySearchHi,proof,read,external,0,retain,detected,unreachable,0,true
binarySearchHi,strict,read,external,0,retain,detected,unreachable,0,true
binarySearchHi,balanced,read,external,0,retain,detected,unreachable,0,true
binarySearchHi,performance,read,external,0,omit,missed_benign,,,true
binarySearchHi,budget:0.25,read,external,0,omit,missed_benign,,,true
binarySearchHi,budget:0.5,read,external,0,omit,missed_benign,,,true
binarySearchHi,chuang,read,external,0,omit,missed_benign,,,true
binarySearchHi,threshold:0,read,external,0,retain,detected,unreachable,0,true
binarySearchHi,threshold:0.05,read,external,0,retain,detected,unreachable,0,true
binarySearchHi,threshold:0.1,read,external,0,retain,detected,unreachable,0,true
binarySearchHi,threshold:0.15,read,external,0,retain,detected,unreachable,0,true
binarySearchHi,threshold:0.2,read,external,0,retain,detected,unreachable,0,true
binarySearchHi,threshold:0.25,read,external,0,retain,detected,unreachable,0,true
binarySearchHi,threshold:0.3,read,external,0,retain,detected,unreachable,0,true
binarySearchHi,threshold:0.35,read,external,0,retain,detected,unreachable,0,true
binarySearchHi,threshold:0.4,read,external,0,retain,detected,unreachable,0,true
binarySearchHi,threshold:0.45,read,external,0,retain,detected,unreachable,0,true
binarySearchHi,threshold:0.5,read,external,0,retain,detected,unreachable,0,true
binarySearchHi,threshold:0.55,read,external,0,retain,detected,unreachable,0,true
binarySearchHi,threshold:0.6,read,external,0,retain,detected,unreachable,0,true
binarySearchHi,threshold:0.65,read,external,0,retain,detected,unreachable,0,true
binarySearchHi,threshold:0.7,read,external,0,retain,detected,unreachable,0,true
binarySearchHi,threshold:0.75,read,external,0,retain,detected,unreachable,0,true
binarySearchHi,threshold:0.8,read,external,0,omit,missed_benign,,,true
binarySearchHi,threshold:0.85,read,external,0,omit,missed_benign,,,true
binarySearchHi,threshold:0.9,read,external,0,omit,missed_benign,,,true
binarySearchHi,threshold:0.95,read,external,0,omit,missed_benign,,,true
binarySearchHi,threshold:1,read,external,0,omit,missed_benign,,,true
matrixRows,none,write,external,0,omit,silent_corruption,,,false
matrixRows,full,write,external,0,retain,detected,unreachable,0,true
matrixRows,proof,write,external,0,retain,detected,unreachable,0,true
matrixRows,strict,write,external,0,retain,detected,unreachable,0,true
matrixRows,balanced,write,external,0,retain,detected,unreachable,0,true
matrixRows,performance,write,external,0,retain,detected,unreachable,0,true
matrixRows,budget:0.25,write,external,0,omit,silent_corruption,,,false
matrixRows,budget:0.5,write,external,0,omit,silent_corruption,,,false
matrixRows,chuang,write,external,0,retain,detected,unreachable,0,true
matrixRows,threshold:0,write,external,0,retain,detected,unreachable,0,true
matrixRows,threshold:0.05,write,external,0,retain,detected,unreachable,0,true
matrixRows,threshold:0.1,write,external,0,retain,detected,unreachable,0,true
matrixRows,threshold:0.15,write,external,0,retain,detected,unreachable,0,true
matrixRows,threshold:0.2,write,external,0,retain,detected,unreachable,0,true
matrixRows,threshold:0.25,write,external,0,retain,detected,unreachable,0,true
matrixRows,threshold:0.3,write,external,0,retain,detected,unreachable,0,true
matrixRows,threshold:0.35,write,external,0,retain,detected,unreachable,0,true
matrixRows,threshold:0.4,write,external,0,retain,detected,unreachable,0,true
matrixRows,threshold:0.45,write,external,0,retain,detected,unreachable,0,true
matrixRows,threshold:0.5,write,external,0,retain,detected,unreachable,0,true
matrixRows,threshold:0.55,write,external,0,retain,detected,unreachable,0,true
matrixRows,threshold:0.6,write,external,0,retain,detected,unreachable,0,true
matrixRows,threshold:0.65,write,external,0,retain,detected,unreachable,0,true
matrixRows,threshold:0.7,write,external,0,retain,detected,unreachable,0,true
matrixRows,threshold:0.75,write,external,0,retain,detected,unreachable,0,true
matrixRows,threshold:0.8,write,external,0,retain,detected,unreachable,0,true
matrixRows,threshold:0.85,write,external,0,retain,detected,unreachable,0,true
matrixRows,threshold:0.9,write,external,0,retain,detected,unreachable,0,true
matrixRows,threshold:0.95,write,external,0,retain,detected,unreachable,0,true
matrixRows,threshold:1,write,external,0,retain,detected,unreachable,0,true
scatterBadIdx,none,write,external,2,omit,silent_corruption,,,false
scatterBadIdx,full,write,external,2,retain,detected,unreachable,2,true
scatterBadIdx,proof,write,external,2,retain,detected,unreachable,2,true
scatterBadIdx,strict,write,external,2,retain,detected,unreachable,2,true
scatterBadIdx,balanced,write,external,2,retain,detected,unreachable,2,true
scatterBadIdx,performance,write,external,2,retain,detected,unreachable,2,true
scatterBadIdx,budget:0.25,write,external,2,omit,silent_corruption,,,false
scatterBadIdx,budget:0.5,write,external,2,retain,detected,unreachable,2,true
scatterBadIdx,chuang,write,external,2,retain,detected,unreachable,2,true
scatterBadIdx,threshold:0,write,external,2,retain,detected,unreachable,2,true
scatterBadIdx,threshold:0.05,write,external,2,retain,detected,unreachable,2,true
scatterBadIdx,threshold:0.1,write,external,2,retain,detected,unreachable,2,true
scatterBadIdx,threshold:0.15,write,external,2,retain,detected,unreachable,2,true
scatterBadIdx,threshold:0.2,write,external,2,retain,detected,unreachable,2,true
scatterBadIdx,threshold:0.25,write,external,2,retain,detected,unreachable,2,true
scatterBadIdx,threshold:0.3,write,external,2,retain,detected,unreachable,2,true
scatterBadIdx,threshold:0.35,write,external,2,retain,detected,unreachable,2,true
scatterBadIdx,threshold:0.4,write,external,2,retain,detected,unreachable,2,true
scatterBadIdx,threshold:0.45,write,external,2,retain,detected,unreachable,2,true
scatterBadIdx,threshold:0.5,write,external,2,retain,detected,unreachable,2,true
scatterBadIdx,threshold:0.55,write,external,2,retain,detected,unreachable,2,true
scatterBadIdx,threshold:0.6,write,external,2,retain,detected,unreachable,2,true
scatterBadIdx,threshold:0.65,write,external,2,retain,detected,unreachable,2,true
scatterBadIdx,threshold:0.7,write,external,2,retain,detected,unreachable,2,true
scatterBadIdx,threshold:0.75,write,external,2,retain,detected,unreachable,2,true
scatterBadIdx,threshold:0.8,write,external,2,retain,detected,unreachable,2,true
scatterBadIdx,threshold:0.85,write,external,2,retain,detected,unreachable,2,true
scatterBadIdx,threshold:0.9,write,external,2,retain,detected,unreachable,2,true
scatterBadIdx,threshold:0.95,write,external,2,retain,detected,unreachable,2,true
scatterBadIdx,threshold:1,write,external,2,retain,detected,unreachable,2,true
