bench,id,function,line,column,access,P,C,W,R,D,proven,versionable
sumArray,0,sumArray,6,25,read,0,0,0,,1,true,true
prefixSum,0,prefixSum,5,18,read,0,0,0,,1,true,true
prefixSum,1,prefixSum,5,31,read,0,0,0,,1,true,true
prefixSum,2,prefixSum,5,9,write,0,0,1,,1,true,true
dot,0,dot,5,17,read,0,0,0,,1,true,true
dot,1,dot,5,24,read,0,0.5,0,0.175,1,false,true
axpy,0,axpy,4,24,read,0,0.5,0,0.175,1,false,true
axpy,1,axpy,4,31,read,0,0.5,0,0.175,1,false,true
axpy,2,axpy,4,9,write,0,0.5,1,0.425,1,false,true
axpy,3,axpy,6,12,read,0,0.5,0,0.175,0,false,false
matvec,0,matvec,6,21,read,1,1,0,0.75,2,false,false
matvec,1,matvec,6,39,read,0,0.5,0,0.175,2,false,true
matvec,2,matvec,8,9,write,0,0.5,1,0.425,1,false,true
matvec,3,matvec,10,12,read,0,0.5,0,0.175,0,false,false
stencil,0,stencil,7,18,read,0,0.5,0,0.175,1,false,false
stencil,1,stencil,7,31,read,0,0.5,0,0.175,1,false,false
stencil,2,stencil,7,40,read,0,0.5,0,0.175,1,false,false
stencil,3,stencil,7,9,write,0,0.5,1,0.425,1,false,false
stencil,4,stencil,10,12,read,0,0.5,0,0.175,0,false,false
stencilV,0,stencilV,7,18,read,0,0.5,0,0.175,1,false,true
stencilV,1,stencilV,7,31,read,0,0.5,0,0.175,1,false,true
stencilV,2,stencilV,7,40,read,0,0.5,0,0.175,1,false,true
stencilV,3,stencilV,7,9,write,0,0.5,1,0.425,1,false,true
stencilV,4,stencilV,10,12,read,0,0.5,0,0.175,0,false,false
smooth,0,smooth,9,21,read,1,1,0,0.75,2,false,false
smooth,1,smooth,12,9,write,1,1,1,1,1,false,false
smooth,2,smooth,15,12,read,1,1,0,0.75,0,false,false
smoothV,0,smoothV,12,21,read,1,1,0,0.75,2,false,true
smoothV,1,smoothV,15,9,write,1,1,1,1,1,false,true
smoothV,2,smoothV,18,12,read,1,1,0,0.75,0,false,false
histogram,0,histogram,4,22,read,0,0,0,,1,true,true
histogram,1,histogram,5,19,read,1,1,0,0.75,1,false,false
histogram,2,histogram,5,9,write,1,1,1,1,1,false,false
histogram,3,histogram,7,12,read,0,0.5,0,0.175,0,false,false
bubbleSort,0,bubbleSort,5,26,read,0,0.5,0,0.175,2,false,false
bubbleSort,1,bubbleSort,6,26,read,0,0.5,0,0.175,2,false,false
bubbleSort,2,bubbleSort,8,17,write,0,0.5,1,0.425,2,false,false
bubbleSort,3,bubbleSort,9,17,write,0,0.5,1,0.425,2,false,false
bubbleSort,4,bubbleSort,13,12,read,0,0.5,0,0.175,0,false,false
insertionSort,0,insertionSort,6,24,read,0,0,0,,1,true,true
insertionSort,1,insertionSort,13,30,read,0,0.5,0,0.175,2,false,false
insertionSort,2,insertionSort,15,21,write,0,0.5,1,0.425,2,false,false
insertionSort,3,insertionSort,22,9,write,0,0.5,1,0.425,1,false,false
insertionSort,4,insertionSort,24,12,read,0,0.5,0,0.175,0,false,false
binarySearch,0,binarySearch,5,24,read,0,0,0,,1,true,true
binarySearch,1,binarySearch,14,30,read,1,1,0,0.75,2,false,false
gather,0,gather,4,20,read,0,0,0,,1,true,true
gather,1,gather,4,18,read,1,1,0,0.75,1,false,false
gather,2,gather,4,9,write,0,0.5,1,0.425,1,false,true
gather,3,gather,6,12,read,0,0.5,0,0.175,0,false,false
scatter,0,scatter,4,23,read,0,0,0,,1,true,true
scatter,1,scatter,4,13,read,0,0.5,0,0.175,1,false,true
scatter,2,scatter,4,9,write,1,1,1,1,1,false,false
scatter,3,scatter,6,12,read,0,0.5,0,0.175,0,false,false
reverse,0,reverse,6,22,read,0,0.5,0,0.175,1,false,true
reverse,1,reverse,7,18,read,1,1,0,0.75,1,false,false
reverse,2,reverse,7,9,write,0,0.5,1,0.425,1,false,true
reverse,3,reverse,8,9,write,1,1,1,1,1,false,false
reverse,4,reverse,10,12,read,0,0.5,0,0.175,0,false,false
