bench,config,sites,proven,eliminated,hoisted,omitted,retained,protected,coverage,ext_write_sites,ext_write_protected,coverage_ext_write,code_size
sumArray,none,1,1,0,0,1,0,1,1,0,0,,347
sumArray,full,1,1,0,0,0,1,1,1,0,0,,386
sumArray,proof,1,1,1,0,0,0,1,1,0,0,,347
sumArray,strict,1,1,1,0,0,0,1,1,0,0,,347
sumArray,balanced,1,1,1,0,0,0,1,1,0,0,,347
sumArray,performance,1,1,1,0,0,0,1,1,0,0,,347
sumArray,budget:0.25,1,1,1,0,0,0,1,1,0,0,,347
sumArray,budget:0.5,1,1,1,0,0,0,1,1,0,0,,347
sumArray,chuang,1,1,1,0,0,0,1,1,0,0,,347
prefixSum,none,3,3,0,0,3,0,3,1,0,0,,401
prefixSum,full,3,3,0,0,0,3,3,1,0,0,,536
prefixSum,proof,3,3,3,0,0,0,3,1,0,0,,401
prefixSum,strict,3,3,3,0,0,0,3,1,0,0,,401
prefixSum,balanced,3,3,3,0,0,0,3,1,0,0,,401
prefixSum,performance,3,3,3,0,0,0,3,1,0,0,,401
prefixSum,budget:0.25,3,3,3,0,0,0,3,1,0,0,,401
prefixSum,budget:0.5,3,3,3,0,0,0,3,1,0,0,,401
prefixSum,chuang,3,3,3,0,0,0,3,1,0,0,,401
dot,none,2,1,0,0,2,0,1,0.5,0,0,,464
dot,full,2,1,0,0,0,2,2,1,0,0,,578
dot,proof,2,1,1,0,0,1,2,1,0,0,,521
dot,strict,2,1,1,1,0,0,2,1,0,0,,774
dot,balanced,2,1,1,0,1,0,1,0.5,0,0,,464
dot,performance,2,1,1,0,1,0,1,0.5,0,0,,464
dot,budget:0.25,2,1,1,0,1,0,1,0.5,0,0,,464
dot,budget:0.5,2,1,1,1,0,0,2,1,0,0,,774
dot,chuang,2,1,1,0,1,0,1,0.5,0,0,,464
axpy,none,4,0,0,0,4,0,0,0,0,0,,505
axpy,full,4,0,0,0,0,4,4,1,0,0,,751
axpy,proof,4,0,0,0,0,4,4,1,0,0,,751
axpy,strict,4,0,0,3,0,1,4,1,0,0,,1029
axpy,balanced,4,0,0,0,4,0,0,0,0,0,,505
axpy,performance,4,0,0,0,4,0,0,0,0,0,,505
axpy,budget:0.25,4,0,0,0,3,1,1,0.25,0,0,,556
axpy,budget:0.5,4,0,0,1,2,1,2,0.5,0,0,,877
axpy,chuang,4,0,0,0,3,1,1,0.25,0,0,,574
matvec,none,4,0,0,0,4,0,0,0,0,0,,735
matvec,full,4,0,0,0,0,4,4,1,0,0,,981
matvec,proof,4,0,0,0,0,4,4,1,0,0,,981
matvec,strict,4,0,0,2,0,2,4,1,0,0,,2387
matvec,balanced,4,0,0,0,3,1,1,0.25,0,0,,792
matvec,performance,4,0,0,0,4,0,0,0,0,0,,735
matvec,budget:0.25,4,0,0,1,2,1,2,0.5,0,0,,1327
matvec,budget:0.5,4,0,0,1,2,1,2,0.5,0,0,,1327
matvec,chuang,4,0,0,0,3,1,1,0.25,0,0,,804
stencil,none,5,0,0,0,5,0,0,0,0,0,,530
stencil,full,5,0,0,0,0,5,5,1,0,0,,785
stencil,proof,5,0,0,0,0,5,5,1,0,0,,785
stencil,strict,5,0,0,0,0,5,5,1,0,0,,785
stencil,balanced,5,0,0,0,5,0,0,0,0,0,,530
stencil,performance,5,0,0,0,5,0,0,0,0,0,,530
stencil,budget:0.25,5,0,0,0,4,1,1,0.2,0,0,,581
stencil,budget:0.5,5,0,0,0,3,2,2,0.4,0,0,,632
stencil,chuang,5,0,0,0,4,1,1,0.2,0,0,,581
stencilV,none,5,0,0,0,5,0,0,0,0,0,,535
stencilV,full,5,0,0,0,0,5,5,1,0,0,,790
stencilV,proof,5,0,0,0,0,5,5,1,0,0,,790
stencilV,strict,5,0,0,4,0,1,5,1,0,0,,1255
stencilV,balanced,5,0,0,0,5,0,0,0,0,0,,535
stencilV,performance,5,0,0,0,5,0,0,0,0,0,,535
stencilV,budget:0.25,5,0,0,0,4,1,1,0.2,0,0,,586
stencilV,budget:0.5,5,0,0,1,3,1,2,0.4,0,0,,1022
stencilV,chuang,5,0,0,0,4,1,1,0.2,0,0,,586
smooth,none,3,0,0,0,3,0,0,0,1,0,0,700
smooth,full,3,0,0,0,0,3,3,1,1,1,1,868
smooth,proof,3,0,0,0,0,3,3,1,1,1,1,868
smooth,strict,3,0,0,0,0,3,3,1,1,1,1,868
smooth,balanced,3,0,0,0,0,3,3,1,1,1,1,868
smooth,performance,3,0,0,0,2,1,1,0.3333333333333333,1,1,1,751
smooth,budget:0.25,3,0,0,0,1,2,2,0.6666666666666666,1,1,1,811
smooth,budget:0.5,3,0,0,0,1,2,2,0.6666666666666666,1,1,1,811
smooth,chuang,3,0,0,0,2,1,1,0.3333333333333333,1,1,1,751
smoothV,none,3,0,0,0,3,0,0,0,1,0,0,713
smoothV,full,3,0,0,0,0,3,3,1,1,1,1,881
smoothV,proof,3,0,0,0,0,3,3,1,1,1,1,881
smoothV,strict,3,0,0,2,0,1,3,1,1,1,1,1948
smoothV,balanced,3,0,0,2,0,1,3,1,1,1,1,1948
smoothV,performance,3,0,0,1,2,0,1,0.3333333333333333,1,1,1,1280
smoothV,budget:0.25,3,0,0,1,1,1,2,0.6666666666666666,1,1,1,1340
smoothV,budget:0.5,3,0,0,1,1,1,2,0.6666666666666666,1,1,1,1340
smoothV,chuang,3,0,0,0,2,1,1,0.3333333333333333,1,1,1,764
histogram,none,4,1,0,0,4,0,1,0.25,1,0,0,437
histogram,full,4,1,0,0,0,4,4,1,1,1,1,665
histogram,proof,4,1,1,0,0,3,4,1,1,1,1,626
histogram,strict,4,1,1,0,0,3,4,1,1,1,1,626
histogram,balanced,4,1,1,0,1,2,3,0.75,1,1,1,575
histogram,performance,4,1,1,0,2,1,2,0.5,1,1,1,506
histogram,budget:0.25,4,1,1,0,2,1,2,0.5,1,0,0,488
histogram,budget:0.5,4,1,1,0,1,2,3,0.75,1,1,1,557
histogram,chuang,4,1,1,0,2,1,2,0.5,1,1,1,506
bubbleSort,none,5,0,0,0,5,0,0,0,0,0,,659
bubbleSort,full,5,0,0,0,0,5,5,1,0,0,,950
bubbleSort,proof,5,0,0,0,0,5,5,1,0,0,,950
bubbleSort,strict,5,0,0,0,0,5,5,1,0,0,,950
bubbleSort,balanced,5,0,0,0,5,0,0,0,0,0,,659
bubbleSort,performance,5,0,0,0,5,0,0,0,0,0,,659
bubbleSort,budget:0.25,5,0,0,0,4,1,1,0.2,0,0,,710
bubbleSort,budget:0.5,5,0,0,0,3,2,2,0.4,0,0,,761
bubbleSort,chuang,5,0,0,0,3,2,2,0.4,0,0,,779
insertionSort,none,5,1,0,0,5,0,1,0.2,0,0,,690
insertionSort,full,5,1,0,0,0,5,5,1,0,0,,999
insertionSort,proof,5,1,1,0,0,4,5,1,0,0,,948
insertionSort,strict,5,1,1,0,0,4,5,1,0,0,,948
insertionSort,balanced,5,1,1,0,4,0,1,0.2,0,0,,690
insertionSort,performance,5,1,1,0,4,0,1,0.2,0,0,,690
insertionSort,budget:0.25,5,1,1,0,2,2,3,0.6,0,0,,810
insertionSort,budget:0.5,5,1,1,0,2,2,3,0.6,0,0,,810
insertionSort,chuang,5,1,1,0,2,2,3,0.6,0,0,,828
binarySearch,none,2,1,0,0,2,0,1,0.5,0,0,,883
binarySearch,full,2,1,0,0,0,2,2,1,0,0,,997
binarySearch,proof,2,1,1,0,0,1,2,1,0,0,,940
binarySearch,strict,2,1,1,0,0,1,2,1,0,0,,940
binarySearch,balanced,2,1,1,0,0,1,2,1,0,0,,940
binarySearch,performance,2,1,1,0,1,0,1,0.5,0,0,,883
binarySearch,budget:0.25,2,1,1,0,1,0,1,0.5,0,0,,883
binarySearch,budget:0.5,2,1,1,0,1,0,1,0.5,0,0,,883
binarySearch,chuang,2,1,1,0,1,0,1,0.5,0,0,,883
gather,none,4,1,0,0,4,0,1,0.25,0,0,,458
gather,full,4,1,0,0,0,4,4,1,0,0,,680
gather,proof,4,1,1,0,0,3,4,1,0,0,,623
gather,strict,4,1,1,1,0,2,4,1,0,0,,901
gather,balanced,4,1,1,0,2,1,2,0.5,0,0,,515
gather,performance,4,1,1,0,3,0,1,0.25,0,0,,458
gather,budget:0.25,4,1,1,0,2,1,2,0.5,0,0,,503
gather,budget:0.5,4,1,1,0,1,2,3,0.75,0,0,,560
gather,chuang,4,1,1,0,2,1,2,0.5,0,0,,521
scatter,none,4,1,0,0,4,0,1,0.25,1,0,0,459
scatter,full,4,1,0,0,0,4,4,1,1,1,1,681
scatter,proof,4,1,1,0,0,3,4,1,1,1,1,624
scatter,strict,4,1,1,1,0,2,4,1,1,1,1,899
scatter,balanced,4,1,1,0,2,1,2,0.5,1,1,1,522
scatter,performance,4,1,1,0,2,1,2,0.5,1,1,1,522
scatter,budget:0.25,4,1,1,0,2,1,2,0.5,1,0,0,504
scatter,budget:0.5,4,1,1,0,1,2,3,0.75,1,1,1,567
scatter,chuang,4,1,1,0,2,1,2,0.5,1,1,1,522
reverse,none,5,0,0,0,5,0,0,0,1,0,0,494
reverse,full,5,0,0,0,0,5,5,1,1,1,1,785
reverse,proof,5,0,0,0,0,5,5,1,1,1,1,785
reverse,strict,5,0,0,2,0,3,5,1,1,1,1,1190
reverse,balanced,5,0,0,0,3,2,2,0.4,1,1,1,632
reverse,performance,5,0,0,0,4,1,1,0.2,1,1,1,563
reverse,budget:0.25,5,0,0,0,4,1,1,0.2,1,0,0,545
reverse,budget:0.5,5,0,0,0,3,2,2,0.4,1,1,1,614
reverse,chuang,5,0,0,0,3,2,2,0.4,1,1,1,614
