bench,tau,checks_executed,guards_executed,checks_full,omitted,sites,protected,ext_write_sites,ext_write_protected,output_matches_full
sumArray,0,0,0,2000000,0,1,1,0,0,true
sumArray,0.05,0,0,2000000,0,1,1,0,0,true
sumArray,0.1,0,0,2000000,0,1,1,0,0,true
sumArray,0.15,0,0,2000000,0,1,1,0,0,true
sumArray,0.2,0,0,2000000,0,1,1,0,0,true
sumArray,0.25,0,0,2000000,0,1,1,0,0,true
sumArray,0.3,0,0,2000000,0,1,1,0,0,true
sumArray,0.35,0,0,2000000,0,1,1,0,0,true
sumArray,0.4,0,0,2000000,0,1,1,0,0,true
sumArray,0.45,0,0,2000000,0,1,1,0,0,true
sumArray,0.5,0,0,2000000,0,1,1,0,0,true
sumArray,0.55,0,0,2000000,0,1,1,0,0,true
sumArray,0.6,0,0,2000000,0,1,1,0,0,true
sumArray,0.65,0,0,2000000,0,1,1,0,0,true
sumArray,0.7,0,0,2000000,0,1,1,0,0,true
sumArray,0.75,0,0,2000000,0,1,1,0,0,true
sumArray,0.8,0,0,2000000,0,1,1,0,0,true
sumArray,0.85,0,0,2000000,0,1,1,0,0,true
sumArray,0.9,0,0,2000000,0,1,1,0,0,true
sumArray,0.95,0,0,2000000,0,1,1,0,0,true
sumArray,1,0,0,2000000,0,1,1,0,0,true
prefixSum,0,0,0,5999997,0,3,3,0,0,true
prefixSum,0.05,0,0,5999997,0,3,3,0,0,true
prefixSum,0.1,0,0,5999997,0,3,3,0,0,true
prefixSum,0.15,0,0,5999997,0,3,3,0,0,true
prefixSum,0.2,0,0,5999997,0,3,3,0,0,true
prefixSum,0.25,0,0,5999997,0,3,3,0,0,true
prefixSum,0.3,0,0,5999997,0,3,3,0,0,true
prefixSum,0.35,0,0,5999997,0,3,3,0,0,true
prefixSum,0.4,0,0,5999997,0,3,3,0,0,true
prefixSum,0.45,0,0,5999997,0,3,3,0,0,true
prefixSum,0.5,0,0,5999997,0,3,3,0,0,true
prefixSum,0.55,0,0,5999997,0,3,3,0,0,true
prefixSum,0.6,0,0,5999997,0,3,3,0,0,true
prefixSum,0.65,0,0,5999997,0,3,3,0,0,true
prefixSum,0.7,0,0,5999997,0,3,3,0,0,true
prefixSum,0.75,0,0,5999997,0,3,3,0,0,true
prefixSum,0.8,0,0,5999997,0,3,3,0,0,true
prefixSum,0.85,0,0,5999997,0,3,3,0,0,true
prefixSum,0.9,0,0,5999997,0,3,3,0,0,true
prefixSum,0.95,0,0,5999997,0,3,3,0,0,true
prefixSum,1,0,0,5999997,0,3,3,0,0,true
dot,0,0,1,4000000,0,2,2,0,0,true
dot,0.05,0,1,4000000,0,2,2,0,0,true
dot,0.1,0,1,4000000,0,2,2,0,0,true
dot,0.15,0,1,4000000,0,2,2,0,0,true
dot,0.2,0,0,4000000,1,2,1,0,0,true
dot,0.25,0,0,4000000,1,2,1,0,0,true
dot,0.3,0,0,4000000,1,2,1,0,0,true
dot,0.35,0,0,4000000,1,2,1,0,0,true
dot,0.4,0,0,4000000,1,2,1,0,0,true
dot,0.45,0,0,4000000,1,2,1,0,0,true
dot,0.5,0,0,4000000,1,2,1,0,0,true
dot,0.55,0,0,4000000,1,2,1,0,0,true
dot,0.6,0,0,4000000,1,2,1,0,0,true
dot,0.65,0,0,4000000,1,2,1,0,0,true
dot,0.7,0,0,4000000,1,2,1,0,0,true
dot,0.75,0,0,4000000,1,2,1,0,0,true
dot,0.8,0,0,4000000,1,2,1,0,0,true
dot,0.85,0,0,4000000,1,2,1,0,0,true
dot,0.9,0,0,4000000,1,2,1,0,0,true
dot,0.95,0,0,4000000,1,2,1,0,0,true
dot,1,0,0,4000000,1,2,1,0,0,true
axpy,0,1,1,6000001,0,4,4,0,0,true
axpy,0.05,1,1,6000001,0,4,4,0,0,true
axpy,0.1,1,1,6000001,0,4,4,0,0,true
axpy,0.15,1,1,6000001,0,4,4,0,0,true
axpy,0.2,0,1,6000001,3,4,1,0,0,true
axpy,0.25,0,1,6000001,3,4,1,0,0,true
axpy,0.3,0,1,6000001,3,4,1,0,0,true
axpy,0.35,0,1,6000001,3,4,1,0,0,true
axpy,0.4,0,1,6000001,3,4,1,0,0,true
axpy,0.45,0,0,6000001,4,4,0,0,0,true
axpy,0.5,0,0,6000001,4,4,0,0,0,true
axpy,0.55,0,0,6000001,4,4,0,0,0,true
axpy,0.6,0,0,6000001,4,4,0,0,0,true
axpy,0.65,0,0,6000001,4,4,0,0,0,true
axpy,0.7,0,0,6000001,4,4,0,0,0,true
axpy,0.75,0,0,6000001,4,4,0,0,0,true
axpy,0.8,0,0,6000001,4,4,0,0,0,true
axpy,0.85,0,0,6000001,4,4,0,0,0,true
axpy,0.9,0,0,6000001,4,4,0,0,0,true
axpy,0.95,0,0,6000001,4,4,0,0,0,true
axpy,1,0,0,6000001,4,4,0,0,0,true
matvec,0,1600226,1266,3201716,0,4,4,0,0,true
matvec,0.05,1600226,1266,3201716,0,4,4,0,0,true
matvec,0.1,1600226,1266,3201716,0,4,4,0,0,true
matvec,0.15,1600226,1266,3201716,0,4,4,0,0,true
matvec,0.2,1600225,1,3201716,2,4,2,0,0,true
matvec,0.25,1600225,1,3201716,2,4,2,0,0,true
matvec,0.3,1600225,1,3201716,2,4,2,0,0,true
matvec,0.35,1600225,1,3201716,2,4,2,0,0,true
matvec,0.4,1600225,1,3201716,2,4,2,0,0,true
matvec,0.45,1600225,0,3201716,3,4,1,0,0,true
matvec,0.5,1600225,0,3201716,3,4,1,0,0,true
matvec,0.55,1600225,0,3201716,3,4,1,0,0,true
matvec,0.6,1600225,0,3201716,3,4,1,0,0,true
matvec,0.65,1600225,0,3201716,3,4,1,0,0,true
matvec,0.7,1600225,0,3201716,3,4,1,0,0,true
matvec,0.75,1600225,0,3201716,3,4,1,0,0,true
matvec,0.8,0,0,3201716,4,4,0,0,0,true
matvec,0.85,0,0,3201716,4,4,0,0,0,true
matvec,0.9,0,0,3201716,4,4,0,0,0,true
matvec,0.95,0,0,3201716,4,4,0,0,0,true
matvec,1,0,0,3201716,4,4,0,0,0,true
stencil,0,7999993,0,7999993,0,5,5,0,0,true
stencil,0.05,7999993,0,7999993,0,5,5,0,0,true
stencil,0.1,7999993,0,7999993,0,5,5,0,0,true
stencil,0.15,7999993,0,7999993,0,5,5,0,0,true
stencil,0.2,1999998,0,7999993,4,5,1,0,0,true
stencil,0.25,1999998,0,7999993,4,5,1,0,0,true
stencil,0.3,1999998,0,7999993,4,5,1,0,0,true
stencil,0.35,1999998,0,7999993,4,5,1,0,0,true
stencil,0.4,1999998,0,7999993,4,5,1,0,0,true
stencil,0.45,0,0,7999993,5,5,0,0,0,true
stencil,0.5,0,0,7999993,5,5,0,0,0,true
stencil,0.55,0,0,7999993,5,5,0,0,0,true
stencil,0.6,0,0,7999993,5,5,0,0,0,true
stencil,0.65,0,0,7999993,5,5,0,0,0,true
stencil,0.7,0,0,7999993,5,5,0,0,0,true
stencil,0.75,0,0,7999993,5,5,0,0,0,true
stencil,0.8,0,0,7999993,5,5,0,0,0,true
stencil,0.85,0,0,7999993,5,5,0,0,0,true
stencil,0.9,0,0,7999993,5,5,0,0,0,true
stencil,0.95,0,0,7999993,5,5,0,0,0,true
stencil,1,0,0,7999993,5,5,0,0,0,true
stencilV,0,1,1,7999993,0,5,5,0,0,true
stencilV,0.05,1,1,7999993,0,5,5,0,0,true
stencilV,0.1,1,1,7999993,0,5,5,0,0,true
stencilV,0.15,1,1,7999993,0,5,5,0,0,true
stencilV,0.2,0,1,7999993,4,5,1,0,0,true
stencilV,0.25,0,1,7999993,4,5,1,0,0,true
stencilV,0.3,0,1,7999993,4,5,1,0,0,true
stencilV,0.35,0,1,7999993,4,5,1,0,0,true
stencilV,0.4,0,1,7999993,4,5,1,0,0,true
stencilV,0.45,0,0,7999993,5,5,0,0,0,true
stencilV,0.5,0,0,7999993,5,5,0,0,0,true
stencilV,0.55,0,0,7999993,5,5,0,0,0,true
stencilV,0.6,0,0,7999993,5,5,0,0,0,true
stencilV,0.65,0,0,7999993,5,5,0,0,0,true
stencilV,0.7,0,0,7999993,5,5,0,0,0,true
stencilV,0.75,0,0,7999993,5,5,0,0,0,true
stencilV,0.8,0,0,7999993,5,5,0,0,0,true
stencilV,0.85,0,0,7999993,5,5,0,0,0,true
stencilV,0.9,0,0,7999993,5,5,0,0,0,true
stencilV,0.95,0,0,7999993,5,5,0,0,0,true
stencilV,1,0,0,7999993,5,5,0,0,0,true
smooth,0,4999921,0,4999921,0,3,3,1,1,true
smooth,0.05,4999921,0,4999921,0,3,3,1,1,true
smooth,0.1,4999921,0,4999921,0,3,3,1,1,true
smooth,0.15,4999921,0,4999921,0,3,3,1,1,true
smooth,0.2,4999921,0,4999921,0,3,3,1,1,true
smooth,0.25,4999921,0,4999921,0,3,3,1,1,true
smooth,0.3,4999921,0,4999921,0,3,3,1,1,true
smooth,0.35,4999921,0,4999921,0,3,3,1,1,true
smooth,0.4,4999921,0,4999921,0,3,3,1,1,true
smooth,0.45,4999921,0,4999921,0,3,3,1,1,true
smooth,0.5,4999921,0,4999921,0,3,3,1,1,true
smooth,0.55,4999921,0,4999921,0,3,3,1,1,true
smooth,0.6,4999921,0,4999921,0,3,3,1,1,true
smooth,0.65,4999921,0,4999921,0,3,3,1,1,true
smooth,0.7,4999921,0,4999921,0,3,3,1,1,true
smooth,0.75,4999921,0,4999921,0,3,3,1,1,true
smooth,0.8,499992,0,4999921,2,3,1,1,1,true
smooth,0.85,499992,0,4999921,2,3,1,1,1,true
smooth,0.9,499992,0,4999921,2,3,1,1,1,true
smooth,0.95,499992,0,4999921,2,3,1,1,1,true
smooth,1,499992,0,4999921,2,3,1,1,1,true
smoothV,0,1,499993,4999921,0,3,3,1,1,true
smoothV,0.05,1,499993,4999921,0,3,3,1,1,true
smoothV,0.1,1,499993,4999921,0,3,3,1,1,true
smoothV,0.15,1,499993,4999921,0,3,3,1,1,true
smoothV,0.2,1,499993,4999921,0,3,3,1,1,true
smoothV,0.25,1,499993,4999921,0,3,3,1,1,true
smoothV,0.3,1,499993,4999921,0,3,3,1,1,true
smoothV,0.35,1,499993,4999921,0,3,3,1,1,true
smoothV,0.4,1,499993,4999921,0,3,3,1,1,true
smoothV,0.45,1,499993,4999921,0,3,3,1,1,true
smoothV,0.5,1,499993,4999921,0,3,3,1,1,true
smoothV,0.55,1,499993,4999921,0,3,3,1,1,true
smoothV,0.6,1,499993,4999921,0,3,3,1,1,true
smoothV,0.65,1,499993,4999921,0,3,3,1,1,true
smoothV,0.7,1,499993,4999921,0,3,3,1,1,true
smoothV,0.75,1,499993,4999921,0,3,3,1,1,true
smoothV,0.8,0,1,4999921,2,3,1,1,1,true
smoothV,0.85,0,1,4999921,2,3,1,1,1,true
smoothV,0.9,0,1,4999921,2,3,1,1,1,true
smoothV,0.95,0,1,4999921,2,3,1,1,1,true
smoothV,1,0,1,4999921,2,3,1,1,1,true
histogram,0,4000001,0,6000001,0,4,4,1,1,true
histogram,0.05,4000001,0,6000001,0,4,4,1,1,true
histogram,0.1,4000001,0,6000001,0,4,4,1,1,true
histogram,0.15,4000001,0,6000001,0,4,4,1,1,true
histogram,0.2,4000000,0,6000001,1,4,3,1,1,true
histogram,0.25,4000000,0,6000001,1,4,3,1,1,true
histogram,0.3,4000000,0,6000001,1,4,3,1,1,true
histogram,0.35,4000000,0,6000001,1,4,3,1,1,true
histogram,0.4,4000000,0,6000001,1,4,3,1,1,true
histogram,0.45,4000000,0,6000001,1,4,3,1,1,true
histogram,0.5,4000000,0,6000001,1,4,3,1,1,true
histogram,0.55,4000000,0,6000001,1,4,3,1,1,true
histogram,0.6,4000000,0,6000001,1,4,3,1,1,true
histogram,0.65,4000000,0,6000001,1,4,3,1,1,true
histogram,0.7,4000000,0,6000001,1,4,3,1,1,true
histogram,0.75,4000000,0,6000001,1,4,3,1,1,true
histogram,0.8,2000000,0,6000001,2,4,2,1,1,true
histogram,0.85,2000000,0,6000001,2,4,2,1,1,true
histogram,0.9,2000000,0,6000001,2,4,2,1,1,true
histogram,0.95,2000000,0,6000001,2,4,2,1,1,true
histogram,1,2000000,0,6000001,2,4,2,1,1,true
bubbleSort,0,5382059,0,5382059,0,5,5,0,0,true
bubbleSort,0.05,5382059,0,5382059,0,5,5,0,0,true
bubbleSort,0.1,5382059,0,5382059,0,5,5,0,0,true
bubbleSort,0.15,5382059,0,5382059,0,5,5,0,0,true
bubbleSort,0.2,1785346,0,5382059,3,5,2,0,0,true
bubbleSort,0.25,1785346,0,5382059,3,5,2,0,0,true
bubbleSort,0.3,1785346,0,5382059,3,5,2,0,0,true
bubbleSort,0.35,1785346,0,5382059,3,5,2,0,0,true
bubbleSort,0.4,1785346,0,5382059,3,5,2,0,0,true
bubbleSort,0.45,0,0,5382059,5,5,0,0,0,true
bubbleSort,0.5,0,0,5382059,5,5,0,0,0,true
bubbleSort,0.55,0,0,5382059,5,5,0,0,0,true
bubbleSort,0.6,0,0,5382059,5,5,0,0,0,true
bubbleSort,0.65,0,0,5382059,5,5,0,0,0,true
bubbleSort,0.7,0,0,5382059,5,5,0,0,0,true
bubbleSort,0.75,0,0,5382059,5,5,0,0,0,true
bubbleSort,0.8,0,0,5382059,5,5,0,0,0,true
bubbleSort,0.85,0,0,5382059,5,5,0,0,0,true
bubbleSort,0.9,0,0,5382059,5,5,0,0,0,true
bubbleSort,0.95,0,0,5382059,5,5,0,0,0,true
bubbleSort,1,0,0,5382059,5,5,0,0,0,true
insertionSort,0,3202459,0,3204988,0,5,5,0,0,true
insertionSort,0.05,3202459,0,3204988,0,5,5,0,0,true
insertionSort,0.1,3202459,0,3204988,0,5,5,0,0,true
insertionSort,0.15,3202459,0,3204988,0,5,5,0,0,true
insertionSort,0.2,1601232,0,3204988,2,5,3,0,0,true
insertionSort,0.25,1601232,0,3204988,2,5,3,0,0,true
insertionSort,0.3,1601232,0,3204988,2,5,3,0,0,true
insertionSort,0.35,1601232,0,3204988,2,5,3,0,0,true
insertionSort,0.4,1601232,0,3204988,2,5,3,0,0,true
insertionSort,0.45,0,0,3204988,4,5,1,0,0,true
insertionSort,0.5,0,0,3204988,4,5,1,0,0,true
insertionSort,0.55,0,0,3204988,4,5,1,0,0,true
insertionSort,0.6,0,0,3204988,4,5,1,0,0,true
insertionSort,0.65,0,0,3204988,4,5,1,0,0,true
insertionSort,0.7,0,0,3204988,4,5,1,0,0,true
insertionSort,0.75,0,0,3204988,4,5,1,0,0,true
insertionSort,0.8,0,0,3204988,4,5,1,0,0,true
insertionSort,0.85,0,0,3204988,4,5,1,0,0,true
insertionSort,0.9,0,0,3204988,4,5,1,0,0,true
insertionSort,0.95,0,0,3204988,4,5,1,0,0,true
insertionSort,1,0,0,3204988,4,5,1,0,0,true
binarySearch,0,2300300,0,2500300,0,2,2,0,0,true
binarySearch,0.05,2300300,0,2500300,0,2,2,0,0,true
binarySearch,0.1,2300300,0,2500300,0,2,2,0,0,true
binarySearch,0.15,2300300,0,2500300,0,2,2,0,0,true
binarySearch,0.2,2300300,0,2500300,0,2,2,0,0,true
binarySearch,0.25,2300300,0,2500300,0,2,2,0,0,true
binarySearch,0.3,2300300,0,2500300,0,2,2,0,0,true
binarySearch,0.35,2300300,0,2500300,0,2,2,0,0,true
binarySearch,0.4,2300300,0,2500300,0,2,2,0,0,true
binarySearch,0.45,2300300,0,2500300,0,2,2,0,0,true
binarySearch,0.5,2300300,0,2500300,0,2,2,0,0,true
binarySearch,0.55,2300300,0,2500300,0,2,2,0,0,true
binarySearch,0.6,2300300,0,2500300,0,2,2,0,0,true
binarySearch,0.65,2300300,0,2500300,0,2,2,0,0,true
binarySearch,0.7,2300300,0,2500300,0,2,2,0,0,true
binarySearch,0.75,2300300,0,2500300,0,2,2,0,0,true
binarySearch,0.8,0,0,2500300,1,2,1,0,0,true
binarySearch,0.85,0,0,2500300,1,2,1,0,0,true
binarySearch,0.9,0,0,2500300,1,2,1,0,0,true
binarySearch,0.95,0,0,2500300,1,2,1,0,0,true
binarySearch,1,0,0,2500300,1,2,1,0,0,true
gather,0,2000001,1,6000001,0,4,4,0,0,true
gather,0.05,2000001,1,6000001,0,4,4,0,0,true
gather,0.1,2000001,1,6000001,0,4,4,0,0,true
gather,0.15,2000001,1,6000001,0,4,4,0,0,true
gather,0.2,2000000,1,6000001,1,4,3,0,0,true
gather,0.25,2000000,1,6000001,1,4,3,0,0,true
gather,0.3,2000000,1,6000001,1,4,3,0,0,true
gather,0.35,2000000,1,6000001,1,4,3,0,0,true
gather,0.4,2000000,1,6000001,1,4,3,0,0,true
gather,0.45,2000000,0,6000001,2,4,2,0,0,true
gather,0.5,2000000,0,6000001,2,4,2,0,0,true
gather,0.55,2000000,0,6000001,2,4,2,0,0,true
gather,0.6,2000000,0,6000001,2,4,2,0,0,true
gather,0.65,2000000,0,6000001,2,4,2,0,0,true
gather,0.7,2000000,0,6000001,2,4,2,0,0,true
gather,0.75,2000000,0,6000001,2,4,2,0,0,true
gather,0.8,0,0,6000001,3,4,1,0,0,true
gather,0.85,0,0,6000001,3,4,1,0,0,true
gather,0.9,0,0,6000001,3,4,1,0,0,true
gather,0.95,0,0,6000001,3,4,1,0,0,true
gather,1,0,0,6000001,3,4,1,0,0,true
scatter,0,2000001,1,6000001,0,4,4,1,1,true
scatter,0.05,2000001,1,6000001,0,4,4,1,1,true
scatter,0.1,2000001,1,6000001,0,4,4,1,1,true
scatter,0.15,2000001,1,6000001,0,4,4,1,1,true
scatter,0.2,2000000,0,6000001,2,4,2,1,1,true
scatter,0.25,2000000,0,6000001,2,4,2,1,1,true
scatter,0.3,2000000,0,6000001,2,4,2,1,1,true
scatter,0.35,2000000,0,6000001,2,4,2,1,1,true
scatter,0.4,2000000,0,6000001,2,4,2,1,1,true
scatter,0.45,2000000,0,6000001,2,4,2,1,1,true
scatter,0.5,2000000,0,6000001,2,4,2,1,1,true
scatter,0.55,2000000,0,6000001,2,4,2,1,1,true
scatter,0.6,2000000,0,6000001,2,4,2,1,1,true
scatter,0.65,2000000,0,6000001,2,4,2,1,1,true
scatter,0.7,2000000,0,6000001,2,4,2,1,1,true
scatter,0.75,2000000,0,6000001,2,4,2,1,1,true
scatter,0.8,2000000,0,6000001,2,4,2,1,1,true
scatter,0.85,2000000,0,6000001,2,4,2,1,1,true
scatter,0.9,2000000,0,6000001,2,4,2,1,1,true
scatter,0.95,2000000,0,6000001,2,4,2,1,1,true
scatter,1,2000000,0,6000001,2,4,2,1,1,true
reverse,0,2000001,1,4000001,0,5,5,1,1,true
reverse,0.05,2000001,1,4000001,0,5,5,1,1,true
reverse,0.1,2000001,1,4000001,0,5,5,1,1,true
reverse,0.15,2000001,1,4000001,0,5,5,1,1,true
reverse,0.2,2000000,1,4000001,2,5,3,1,1,true
reverse,0.25,2000000,1,4000001,2,5,3,1,1,true
reverse,0.3,2000000,1,4000001,2,5,3,1,1,true
reverse,0.35,2000000,1,4000001,2,5,3,1,1,true
reverse,0.4,2000000,1,4000001,2,5,3,1,1,true
reverse,0.45,2000000,0,4000001,3,5,2,1,1,true
reverse,0.5,2000000,0,4000001,3,5,2,1,1,true
reverse,0.55,2000000,0,4000001,3,5,2,1,1,true
reverse,0.6,2000000,0,4000001,3,5,2,1,1,true
reverse,0.65,2000000,0,4000001,3,5,2,1,1,true
reverse,0.7,2000000,0,4000001,3,5,2,1,1,true
reverse,0.75,2000000,0,4000001,3,5,2,1,1,true
reverse,0.8,1000000,0,4000001,4,5,1,1,1,true
reverse,0.85,1000000,0,4000001,4,5,1,1,1,true
reverse,0.9,1000000,0,4000001,4,5,1,1,1,true
reverse,0.95,1000000,0,4000001,4,5,1,1,1,true
reverse,1,1000000,0,4000001,4,5,1,1,1,true
