pass,bench,config,runs,median_ms,q1_ms,q3_ms
1,sumArray,none,30,7.572337999998126,7.314333499998611,8.119383499986725
1,sumArray,full,30,7.24546899998677,7.10925574999419,8.850171749996662
1,sumArray,proof,30,7.144027500005905,7.0938624999907915,7.240671499988821
1,sumArray,strict,30,7.324228500001482,7.175970999982383,7.450241750004352
1,sumArray,balanced,30,7.133976999990409,7.07832774999406,7.218979999997828
1,sumArray,performance,30,7.291535500000464,7.143291249994945,7.546923250010877
1,sumArray,budget:0.25,30,7.130879000018467,7.063393250005902,7.261134250002215
1,sumArray,budget:0.5,30,7.502040499995928,7.220656000019517,8.105414749996271
1,sumArray,chuang,30,7.4507735000079265,7.186735749986838,7.903248499998881
1,prefixSum,none,30,10.695502499991562,10.582553499989444,10.961113750010554
1,prefixSum,full,30,12.515816500002984,12.385725749983976,12.958920500001113
1,prefixSum,proof,30,10.709351000012248,10.563640249994933,11.091922999999952
1,prefixSum,strict,30,10.707608500000788,10.635219499992672,10.794477500006906
1,prefixSum,balanced,30,12.648865499999374,10.973900500001037,13.399506500005373
1,prefixSum,performance,30,10.656856500005233,10.574840499983111,11.19859375001397
1,prefixSum,budget:0.25,30,10.875014500008547,10.62536800000089,11.283732750016497
1,prefixSum,budget:0.5,30,11.49598849999893,11.022655499989924,11.813506250007777
1,prefixSum,chuang,30,10.832489999986137,10.679439749997982,11.184221499999694
1,dot,none,30,9.573864999998477,9.245982250016823,10.405455999985861
1,dot,full,30,11.25060100000701,11.031201500001771,11.679838499985635
1,dot,proof,30,11.419280999994953,10.755572499983828,13.473919499992917
1,dot,strict,30,10.080336500002886,9.341344500004197,11.472427749991766
1,dot,balanced,30,9.582544000004418,9.301571500000136,10.237278000015067
1,dot,performance,30,9.20632700000715,9.120030999998562,9.339166249978007
1,dot,budget:0.25,30,9.2516604999837,9.184383249994426,10.194052500017278
1,dot,budget:0.5,30,9.619610999987344,9.411282999979449,12.265805000010005
1,dot,chuang,30,9.387907500000438,9.253090999998676,10.98191000000952
1,axpy,none,30,12.358546999996179,10.177797999996983,12.61855774999276
1,axpy,full,30,13.762300000002142,13.325157750005019,15.236207500005548
1,axpy,proof,30,13.616109500013408,13.104243000008864,15.214534750004532
1,axpy,strict,30,10.695387500003562,10.372284249999211,10.940444499996374
1,axpy,balanced,30,9.107057000001078,9.051234500002465,9.154983999986143
1,axpy,performance,30,9.071465999993961,9.034786000003805,9.15032099999371
1,axpy,budget:0.25,30,9.300576499997987,9.125870250012667,9.570130500018422
1,axpy,budget:0.5,30,9.691485999996075,9.545023500002571,9.83005549999507
1,axpy,chuang,30,11.289978000015253,10.938078500010306,12.860022249995382
1,matvec,none,30,8.676569000002928,8.497313499989104,9.0997002499862
1,matvec,full,30,14.957389000002877,12.069217749995005,19.105730500014033
1,matvec,proof,30,12.005149000004167,11.610588999988977,14.803915999982564
1,matvec,strict,30,11.200062500007334,10.251728250004817,15.046363250003196
1,matvec,balanced,30,10.461378500011051,10.35780875000637,10.624280750002072
1,matvec,performance,30,8.600510000003851,8.297995249980886,12.148637499994948
1,matvec,budget:0.25,30,9.28988599999866,9.064238750004733,10.00435549998656
1,matvec,budget:0.5,30,9.343529500009026,9.124361000001954,9.766183250008908
1,matvec,chuang,30,9.273661500017624,8.69541599999502,10.505163750000065
1,stencil,none,30,11.659396000002744,11.034054750001815,12.293403249997937
1,stencil,full,30,20.844184999994468,16.78232350000326,22.13191424999968
1,stencil,proof,30,17.85694899999362,15.770768499998667,19.77763224998489
1,stencil,strict,30,14.960590999995475,14.805623250009376,16.333548499991593
1,stencil,balanced,30,11.928032000010717,10.796739999997953,15.638190500001656
1,stencil,performance,30,14.581409500009613,10.966835500003072,15.508961500010628
1,stencil,budget:0.25,30,15.368036500003655,15.30156074999104,15.462149750012031
1,stencil,budget:0.5,30,10.711400500003947,10.433230250004272,11.167237749999913
1,stencil,chuang,30,11.661074000003282,10.898704000013822,14.689206499999273
1,stencilV,none,30,10.491785499994876,10.398589999997057,11.26284450001549
1,stencilV,full,30,20.662442000000738,17.00244374999602,23.032683499979612
1,stencilV,proof,30,16.666689999983646,15.699320499996247,21.026964000011503
1,stencilV,strict,30,17.343739000003552,15.469522499995946,18.66856825001014
1,stencilV,balanced,30,10.420606999992742,10.302464249987679,10.540058250000584
1,stencilV,performance,30,12.204003499995451,10.75389475000702,13.261825250010588
1,stencilV,budget:0.25,30,12.144058999998379,10.676815999999235,15.800381500004733
1,stencilV,budget:0.5,30,16.209728499990888,15.197536999992735,17.810935749992495
1,stencilV,chuang,30,16.732562499993946,11.987092000017583,17.032842749991687
1,smooth,none,30,24.430299500003457,22.816124750002928,25.515836750004382
1,smooth,full,30,23.37695900000108,23.09987899999396,24.380714500002796
1,smooth,proof,30,23.38091649998387,22.919817249996413,25.156672500015702
1,smooth,strict,30,23.181286499995622,22.917291749996366,23.86052175000077
1,smooth,balanced,30,23.282127499987837,22.989981249986158,24.336780750010803
1,smooth,performance,30,24.07280950000859,21.81245474999014,26.981252249992394
1,smooth,budget:0.25,30,25.245942999987165,21.700277750023815,27.962328249974234
1,smooth,budget:0.5,30,21.809463500001584,21.29181274999428,24.365733999999065
1,smooth,chuang,30,23.62093000000459,22.317235499998787,25.058038999995915
1,smoothV,none,30,21.714939500001492,21.244364500009397,23.540322250002646
1,smoothV,full,30,23.19683200000145,23.092780999984825,23.339278750005178
1,smoothV,proof,30,23.22227150000981,23.06651774999773,24.98983550000412
1,smoothV,strict,30,22.9026884999912,22.71092000000499,23.496558250008093
1,smoothV,balanced,30,23.94001950000529,23.271493749984074,24.902488250001625
1,smoothV,performance,30,22.09211199999845,21.71023075000994,23.012581250004587
1,smoothV,budget:0.25,30,22.44978650000121,21.90916974999709,26.789327999991656
1,smoothV,budget:0.5,30,21.445226000010734,21.290568749980594,21.751044000004185
1,smoothV,chuang,30,22.348206499998923,21.437582000013208,25.085829749994446
1,histogram,none,30,5.865181999994093,5.842847000007168,5.902356500017049
1,histogram,full,30,10.847751499997685,10.731976499999291,11.07340450000629
1,histogram,proof,30,9.93906849999621,9.802454250006122,10.407030000002123
1,histogram,strict,30,10.265751500002807,9.91647974998341,12.078339749998122
1,histogram,balanced,30,10.21396450001339,9.714360250014579,13.539194750002935
1,histogram,performance,30,8.066422999996576,7.813664749999589,9.611564749975514
1,histogram,budget:0.25,30,6.8119894999981625,6.162578249990474,7.653788249997888
1,histogram,budget:0.5,30,10.447233500017319,8.381639000006544,12.011036250005418
1,histogram,chuang,30,7.811307999989367,7.5070510000077775,8.785732749995077
1,bubbleSort,none,30,12.27928950000205,11.059629250004946,16.081657249982527
1,bubbleSort,full,30,12.462142500007758,12.417102250001335,12.493064499998582
1,bubbleSort,proof,30,12.46579699999711,12.440905750001548,13.537286499988113
1,bubbleSort,strict,30,13.224596499989275,12.957135999997263,13.451590500000748
1,bubbleSort,balanced,30,11.426680000018678,11.280968750012107,11.543611999986751
1,bubbleSort,performance,30,11.442678999999771,11.194151249997958,11.73193199999514
1,bubbleSort,budget:0.25,30,11.744764500006568,11.335301500017522,13.015410500003782
1,bubbleSort,budget:0.5,30,11.6614014999941,11.367136249988107,12.135861499991734
1,bubbleSort,chuang,30,11.201136999981827,10.931429749995004,11.780292250005004
1,insertionSort,none,30,7.829964999997173,7.579034250004042,8.017250000004424
1,insertionSort,full,30,10.166473000004771,9.747806250001304,11.136121000003186
1,insertionSort,proof,30,10.113395000007586,9.846016499985126,10.613265999993018
1,insertionSort,strict,30,9.930264000009629,9.760756499985291,10.32096449999517
1,insertionSort,balanced,30,10.782246000002488,9.276152000005823,10.829343749996042
1,insertionSort,performance,30,7.458288000008906,7.437816249992466,7.493404749991896
1,insertionSort,budget:0.25,30,8.212501999994856,7.787416499981191,9.657561749991146
1,insertionSort,budget:0.5,30,9.471669499995187,7.747801499994239,10.30599174999952
1,insertionSort,chuang,30,8.64860800000315,8.478722750005545,8.848584749997826
1,binarySearch,none,30,47.23020049999468,46.20263424998848,48.821736500016414
1,binarySearch,full,30,50.78509850001137,46.910872749998816,54.47950649999257
1,binarySearch,proof,30,51.03704250001465,47.84786849999364,53.36317350000172
1,binarySearch,strict,30,48.02277850000246,47.319985500005714,50.5500657500088
1,binarySearch,balanced,30,48.37815349998709,47.673033249986474,50.76219199998013
1,binarySearch,performance,30,53.59016399999382,47.94835374999093,53.99392049999733
1,binarySearch,budget:0.25,30,52.409564499990665,51.168383000003814,56.543373999986215
1,binarySearch,budget:0.5,30,47.32912499998929,45.6370357499909,50.05170400001225
1,binarySearch,chuang,30,45.956514999998035,45.320580000006885,48.40789125000447
1,gather,none,30,50.97033700000611,34.9506584999981,67.57150849999016
1,gather,full,30,77.86484999999811,68.32815824999852,83.40492500000983
1,gather,proof,30,50.470938499987824,44.86945875003585,69.32455475000461
1,gather,strict,30,38.25552799997968,35.373253000027034,44.88311299995985
1,gather,balanced,30,49.13496299998951,38.27094249997754,68.4714447499864
1,gather,performance,30,36.87655000001541,33.66182850001496,39.600250750023406
1,gather,budget:0.25,30,40.21634700000868,38.15970250000828,48.64312224998139
1,gather,budget:0.5,30,52.37020200002007,49.99140924999665,62.48030524999194
1,gather,chuang,30,50.866134500014596,44.32559775002301,81.44411650001712
1,scatter,none,30,26.91353849999723,20.92667600000277,37.790220999973826
1,scatter,full,30,26.80543349997606,21.458560249971924,37.95983725000406
1,scatter,proof,30,23.61639300000388,21.571962999994867,26.823415499995463
1,scatter,strict,30,23.400937000027625,20.69320300000254,39.68040925000969
1,scatter,balanced,30,27.53975100000389,21.061870250006905,41.63141900002665
1,scatter,performance,30,30.55103400000371,20.345446750012343,48.75234300001466
1,scatter,budget:0.25,30,32.35348300001351,23.848928000035812,49.612706499989145
1,scatter,budget:0.5,30,21.91991450000205,20.275800499977777,23.455217499955324
1,scatter,chuang,30,28.298486500018043,24.64831774996128,40.27713450000738
1,reverse,none,30,3.8975105000135954,3.7161140000243904,5.062938499977463
1,reverse,full,30,6.993699499987997,6.882080249997671,7.323454249999486
1,reverse,proof,30,8.329262000013841,7.199051000003237,9.859248499997193
1,reverse,strict,30,5.636681999982102,5.518807000014931,5.870167750006658
1,reverse,balanced,30,5.458606000000145,5.370214000009582,5.87869425000099
1,reverse,performance,30,4.475402999989456,4.369674249974196,4.626384499977576
1,reverse,budget:0.25,30,3.9987360000086483,3.6603330000070855,5.267522249996546
1,reverse,budget:0.5,30,4.527069499978097,4.355776249998598,5.315230249994784
1,reverse,chuang,30,5.2551040000107605,4.996736249988317,5.671497750008712
2,sumArray,none,30,7.178520000015851,7.045533750002505,7.948389250013861
2,sumArray,full,30,7.399737500032643,7.19884524999361,7.913409249988035
2,sumArray,proof,30,7.905052499962039,7.195113250010763,8.293581499980064
2,sumArray,strict,30,7.170557000004919,7.056395250008791,8.060034999987693
2,sumArray,balanced,30,8.184055500023533,7.141759750011261,8.795362750039203
2,sumArray,performance,30,8.045645500009414,7.255187750022742,8.166429250006331
2,sumArray,budget:0.25,30,8.114364000008209,8.002577749983175,8.310403249997762
2,sumArray,budget:0.5,30,7.049906000000192,6.998193250008626,8.478631499994663
2,sumArray,chuang,30,7.492007999971975,7.0348612499801675,8.273227749974467
2,prefixSum,none,30,11.684418999997433,10.725817499987897,12.040154749978683
2,prefixSum,full,30,12.188965999986976,12.105189999958384,12.254918750026263
2,prefixSum,proof,30,10.492813499993645,10.484576000002562,10.516623750008876
2,prefixSum,strict,30,11.412493999989238,10.525520249982947,11.988549250017968
2,prefixSum,balanced,30,12.117994500033092,11.460228000039933,12.196502499995404
2,prefixSum,performance,30,10.778348499996355,10.572810249985196,11.625889500006451
2,prefixSum,budget:0.25,30,11.796852500003297,11.049846999972942,12.094365500015556
2,prefixSum,budget:0.5,30,11.531923499976983,11.040627750015119,12.056923749973066
2,prefixSum,chuang,30,10.584455500007607,10.533073750018957,12.537140249958611
2,dot,none,30,9.538312999997288,9.237008249983774,11.359525000021677
2,dot,full,30,11.329814999975497,10.9280052499671,12.315885250005522
2,dot,proof,30,10.400791499967454,9.865243249994819,12.930707500010612
2,dot,strict,30,11.172847000008915,9.666980499983765,11.532084750026115
2,dot,balanced,30,11.844643499993253,10.333417250032653,12.041436499988777
2,dot,performance,30,11.581574000010733,11.406865500030108,12.790275999970618
2,dot,budget:0.25,30,9.504195499990601,9.325021750002634,10.456743000002461
2,dot,budget:0.5,30,9.492558999976609,9.348044250000385,10.614048249990446
2,dot,chuang,30,11.794707499997457,11.741498750023311,11.814659750001738
2,axpy,none,30,11.995078000007197,11.90583175001666,12.067024999982095
2,axpy,full,30,15.163216999993892,14.309554500025115,18.70560575000127
2,axpy,proof,30,13.281639999971958,13.020173500015517,16.926006749999942
2,axpy,strict,30,10.425077499996405,10.250914250005735,11.836859250004636
2,axpy,balanced,30,9.336041000002297,9.204522000043653,10.20738499998697
2,axpy,performance,30,13.424319499987178,13.240203749985085,13.709135750003043
2,axpy,budget:0.25,30,9.752885999972932,9.440407749993028,11.364400500038755
2,axpy,budget:0.5,30,11.88170249995892,10.074394750030478,12.089811750032823
2,axpy,chuang,30,14.716357500030426,14.279655999984243,15.149579000019003
2,matvec,none,30,9.002103000006173,8.571175249977387,9.563062249973882
2,matvec,full,30,12.838797000003979,12.020751249976456,14.244831250005518
2,matvec,proof,30,17.963206000014907,17.64755424998293,18.022220750004635
2,matvec,strict,30,15.585220000008121,13.80111424997449,15.669533750013215
2,matvec,balanced,30,12.307303999987198,10.595642250002129,13.576789750004536
2,matvec,performance,30,8.30855449999217,8.252405999985058,9.228190500027267
2,matvec,budget:0.25,30,9.135980500024743,9.035740249979426,9.305107499982114
2,matvec,budget:0.5,30,9.491844500007574,9.214955749979708,10.700789999988046
2,matvec,chuang,30,9.080813500011573,8.540642499996466,12.508174500035238
2,stencil,none,30,10.247018000023672,10.140244499969413,10.43455074999656
2,stencil,full,30,21.932541500020307,21.467216500008362,22.738069500017446
2,stencil,proof,30,21.24263800002518,19.29168550000759,24.251648499979638
2,stencil,strict,30,16.503885500016622,15.13081400001829,22.77981424999598
2,stencil,balanced,30,11.378775999997742,10.70598349996726,13.386282500010566
2,stencil,performance,30,10.575027999992017,10.312592249989393,10.69052550001652
2,stencil,budget:0.25,30,16.379782500007423,11.252391499991063,17.33365525001136
2,stencil,budget:0.5,30,18.080669499991927,16.981804499970167,18.341516999993473
2,stencil,chuang,30,12.013234499987448,11.016938999979175,12.8655494999839
2,stencilV,none,30,13.671936999977333,10.753054750006413,15.639336250038468
2,stencilV,full,30,15.187978500005556,15.142069499997888,15.252462000004016
2,stencilV,proof,30,15.066842499974882,14.99319475000084,15.22958775004372
2,stencilV,strict,30,14.789660000009462,14.729962999976124,14.8597937500017
2,stencilV,balanced,30,10.224570000020321,10.127296999969985,10.292532999970717
2,stencilV,performance,30,10.397747000009986,10.328747000035946,10.58563299998059
2,stencilV,budget:0.25,30,11.725008500012336,10.781084000031115,13.525492250002571
2,stencilV,budget:0.5,30,15.255300500022713,15.154288000005181,17.358864500027266
2,stencilV,chuang,30,11.823240500030806,10.860920999984955,12.788424250014941
2,smooth,none,30,26.96883549998165,24.876453750039218,27.11859224998625
2,smooth,full,30,23.37497699999949,23.090570250016754,24.533584499993594
2,smooth,proof,30,23.216035999997985,22.921288000012282,23.893397749998257
2,smooth,strict,30,23.08552600000985,22.750473750013043,25.18072125001345
2,smooth,balanced,30,24.86299299998791,22.766473249997944,30.06432700000005
2,smooth,performance,30,21.209662999986904,20.936205250007333,27.58407675001945
2,smooth,budget:0.25,30,21.094858500000555,20.956867000000784,21.401480000000447
2,smooth,budget:0.5,30,21.832932499994058,21.308611999993445,22.64392775000306
2,smooth,chuang,30,25.86680599997635,22.050096999970265,28.053981749995728
2,smoothV,none,30,20.98719950002851,20.769088750035735,21.329450749995885
2,smoothV,full,30,23.75734250000096,23.434796250003274,26.30334949999815
2,smoothV,proof,30,24.18003150000004,23.69997049999074,24.916700249988935
2,smoothV,strict,30,24.81601949999458,23.27353249998123,28.647753000012017
2,smoothV,balanced,30,23.30116800000542,23.02695099999255,23.82450175001577
2,smoothV,performance,30,22.39185199997155,22.07991074999154,24.43601150000177
2,smoothV,budget:0.25,30,22.087060500023654,21.52219399997557,24.018563249977888
2,smoothV,budget:0.5,30,22.569794999988517,21.783941249974305,24.455969750022632
2,smoothV,chuang,30,22.48672099999385,21.647178749990417,27.185713250015397
2,histogram,none,30,6.0358199999900535,5.936626750015421,6.140478250032174
2,histogram,full,30,12.342714499973226,11.147762999971746,15.843872500016005
2,histogram,proof,30,15.231713000015588,9.758177749987226,15.355606999990414
2,histogram,strict,30,16.327997999993386,10.410081249981886,16.777880749999895
2,histogram,balanced,30,16.13098600000376,15.986475750003592,16.24972125001659
2,histogram,performance,30,7.6594685000309255,7.5516097499930765,7.820592500036582
2,histogram,budget:0.25,30,9.326954500022111,6.249176750003244,9.686528250022093
2,histogram,budget:0.5,30,11.254862500005402,10.087278250022791,11.391949249999016
2,histogram,chuang,30,8.178121999982977,7.555971000037971,9.16255550000642
2,bubbleSort,none,30,11.444476999982726,11.13820299996587,12.157172749983147
2,bubbleSort,full,30,20.39707950002048,13.892819000029704,20.540773250031634
2,bubbleSort,proof,30,12.536273999983678,12.455166999978246,12.621302249986911
2,bubbleSort,strict,30,13.948367499979213,13.645098500011954,15.099280749971513
2,bubbleSort,balanced,30,11.428742999996757,11.332081250002375,11.66727625002386
2,bubbleSort,performance,30,11.874290999985533,11.182998499993118,12.058596499991836
2,bubbleSort,budget:0.25,30,11.43448699999135,11.114047999973991,15.36018275002425
2,bubbleSort,budget:0.5,30,11.879672499984736,11.57704200000444,13.625889000002644
2,bubbleSort,chuang,30,15.69306350001716,11.700582499979646,15.827133000013418
2,insertionSort,none,30,8.336761000013212,7.530289499976789,9.018811250003637
2,insertionSort,full,30,14.516153500007931,11.316954250025447,15.90805049998744
2,insertionSort,proof,30,10.509462500020163,9.704542750012479,14.30880275000527
2,insertionSort,strict,30,11.251813499984564,9.997801750025246,14.901948750019073
2,insertionSort,balanced,30,10.157964500016533,9.79609824999352,10.234352749990649
2,insertionSort,performance,30,10.231222000002163,10.106811250007013,10.326384750034777
2,insertionSort,budget:0.25,30,10.026334499998484,9.904236250004033,10.089072749993647
2,insertionSort,budget:0.5,30,9.71979599999031,9.552571500011254,9.890569749986753
2,insertionSort,chuang,30,12.540475499990862,9.443940000026487,12.829705500014825
2,binarySearch,none,30,47.38344949999009,46.10709049999423,50.30887425004039
2,binarySearch,full,30,48.18390750000253,46.434989249988575,52.30046525003854
2,binarySearch,proof,30,50.47630249999929,47.76613849996647,52.7244832500146
2,binarySearch,strict,30,46.5228515000199,46.03095074999146,47.75533274996269
2,binarySearch,balanced,30,46.12668849999318,46.043981749986415,46.21651424997253
2,binarySearch,performance,30,45.31253200001083,45.26143349998165,45.441699499991955
2,binarySearch,budget:0.25,30,46.890769000019645,45.923959999970975,49.16534075001255
2,binarySearch,budget:0.5,30,50.81838099999004,45.98729024997738,52.768573249995825
2,binarySearch,chuang,30,45.939666999998735,45.77812750003068,48.6521067499707
2,gather,none,30,36.120878499990795,32.94469500001287,41.45303224999225
2,gather,full,30,70.18349349999335,65.41080575001251,81.40422825001588
2,gather,proof,30,57.82963100000052,52.81956825002271,64.67427524999948
2,gather,strict,30,58.57829949998995,50.25768875001813,70.70190799998818
2,gather,balanced,30,47.212265499983914,42.20378524999251,53.18371750002552
2,gather,performance,30,40.00152300001355,37.47273700001824,43.10130800001207
2,gather,budget:0.25,30,42.73675749998074,37.82388224998431,56.46973949995299
2,gather,budget:0.5,30,52.133625000016764,49.68411874999583,62.0554102499882
2,gather,chuang,30,59.78599500001292,47.162862999990466,76.22573200000625
2,scatter,none,30,31.23387699999148,26.478978749990347,43.610246499985806
2,scatter,full,30,32.64570350002032,29.523132999966037,53.67731924998225
2,scatter,proof,30,29.182854499988025,21.769015249985387,36.72897750000993
2,scatter,strict,30,19.47414249999565,17.852517499995884,21.68935474997852
2,scatter,balanced,30,21.837701499985997,19.10112824998214,26.71036600001389
2,scatter,performance,30,22.823594499990577,19.39330224999867,24.88265200002934
2,scatter,budget:0.25,30,18.174937499978114,16.593179750008858,19.782297750003636
2,scatter,budget:0.5,30,29.148680000012973,22.83084075001534,43.99240825000743
2,scatter,chuang,30,48.70705299999099,33.27934949997871,60.667162249970715
2,reverse,none,30,5.153784499998437,4.350955250003608,5.338496249969467
2,reverse,full,30,11.636422499985201,11.108668999993824,12.631597249986953
2,reverse,proof,30,8.246155999979237,6.752924249973148,9.72158725000918
2,reverse,strict,30,5.772017000010237,5.596892750021652,6.002501499970094
2,reverse,balanced,30,5.550845999998273,5.342208749993006,5.676726250036154
2,reverse,performance,30,4.498078499978874,4.402940999993007,4.673786749961437
2,reverse,budget:0.25,30,4.202316000009887,3.922270750015741,5.454637749979156
2,reverse,budget:0.5,30,7.627172999986215,4.413403250015108,8.259820749997743
2,reverse,chuang,30,5.1261820000072476,5.035046499964665,5.228382000015699
